,player,teams
0,Kylian Mbappé,"['Monaco II', 'Monaco', 'PSG']"
1,Luis Alberto Suárez Díaz,"['Liverpool', 'Groningen', 'Atlético', 'Atletico Madrid', 'Ajax', 'Barcelona', 'Nacional']"
2,Raheem Sterling,"['Liverpool', 'Manchester City', 'Man City']"
3,Kevin De Bruyne,"['Chelsea', 'Genk', 'Werder Bremen', 'Wolfsburg', 'Manchester City', 'Man City', 'Bremen']"
4,Antoine Griezmann,"['Real Sociedad', 'Atlético', 'Atletico Madrid', 'Barcelona']"
5,Mohamed  Salah Ghaly,"['Roma', 'Chelsea', 'Liverpool', 'Al Mokawloon', 'Basel', 'Fiorentina', 'Mokawloon']"
6,Sergio Busquets i Burgos,['Barcelona']
7,N'Golo Kanté,"['Chelsea', 'Leicester City', 'Caen', 'Boulogne', 'Leicester']"
8,Samir Handanovič,"['Inter', 'Internazionale', 'Domžale', 'Treviso', 'Rimini', 'Udinese', 'Lazio']"
9,Pierre-Emerick Aubameyang,"['Monaco', 'Lille', 'Dortmund', 'Saint-Etienne', 'Milan', 'Saint-Étienne II', 'Saint-Étienne', 'Borussia Dortmund', 'Dijon', 'Arsenal']"
10,Giorgio Chiellini,"['Livorno', 'Juventus', 'Fiorentina']"
11,Sergio Ramos García,"['Sevilla', 'Real Madrid']"
12,Paulo Bruno Exequiel Dybala,"['Palermo', 'Juventus', 'Instituto']"
13,Marc-André ter Stegen,"[""Borussia M'gla…"", 'Barcelona', ""M'gladbach""]"
14,Hugo Lloris,"['Tottenham', 'Lyon', 'Olympique Lyonnais', 'Tottenham Hotspur', 'Nice']"
15,Luka Modrić,"['Zrinjski', 'Inter', 'Tottenham', 'Real Madrid', 'Dinamo Zagreb', 'Tottenham Hotspur']"
16,Ederson Santana de Moraes,"['Rio Ave', 'Benfica II', 'Benfica', 'Man City', 'Manchester City', 'Ribeirão']"
17,Kalidou Koulibaly,"['Metz', 'Napoli', 'Metz II', 'Genk']"
18,Neymar da Silva Santos Junior,"['Barcelona', 'Santos', 'PSG']"
19,Virgil van Dijk,"['Liverpool', 'Groningen', 'Southampton U23', 'Celtic', 'Southampton']"
20,Manuel Neuer,"['Bayern München', 'Schalke 04 II', 'Schalke 04', 'Bayern Munich']"
21,Harry Kane,"['Tottenham', 'Leyton Orient', 'Millwall', 'Leicester City', 'Tottenham Hotspur', 'Leicester', 'Norwich City', 'Norwich']"
22,Toni Kroos,"['Leverkusen', 'Bayer Leverkusen', 'Real Madrid', 'Bayern München', 'Bayern München II', 'Bayern Munich']"
23,Robert Lewandowski,"['Lech Poznań', 'Dortmund', 'Lech', 'Bayern München', 'Borussia Dortmund', 'Bayern Munich']"
24,Alisson Ramses Becker,"['Roma', 'Liverpool', 'Internacional']"
25,Christian  Dannemann Eriksen,"['Inter', 'Tottenham', 'Internazionale', 'Ajax', 'Tottenham Hotspur']"
26,Eden Hazard,"['Chelsea', 'Real Madrid', 'Chelsea U23', 'Lille']"
27,Cristiano Ronaldo dos Santos Aveiro,"['Juventus', 'Sporting CP', 'Real Madrid', 'Manchester United', 'Man Utd']"
28,David De Gea Quintana,"['Man Utd', 'Atletico Madrid', 'Manchester United', 'Atlético']"
29,Sergio Leonel Agüero del Castillo,"['Atlético', 'Independiente', 'Atletico Madrid', 'Barcelona', 'Manchester City', 'Man City']"
30,Thibaut Courtois,"['Chelsea', 'Genk', 'Real Madrid', 'Atlético', 'Atletico Madrid']"
31,Gerard Piqué Bernabéu,"['Manchester United', 'Man Utd', 'Barcelona', 'Zaragoza', 'Real Zaragoza']"
32,Aymeric  Laporte,"['Man City', 'Manchester City', 'Athletic Club', 'Athletic Club II']"
33,손흥민 孙兴慜,"['Leverkusen', 'Hamburger SV', 'Bayer Leverkusen', 'Tottenham', 'Hamburger SV II', 'Tottenham Hotspur', 'Hamburg']"
34,Paul Pogba,"['Man Utd', 'Juventus', 'Manchester United']"
35,Lionel Andrés Messi Cuccittini,['Barcelona']
36,Carlos Henrique Venancio Casimiro,"['São Paulo', 'Real Madrid', 'Real Madrid II', 'Porto']"
37,Sadio Mané,"['Liverpool', 'Salzburg', 'Metz II', 'Metz', 'Southampton']"
38,Diego Godín,"['Inter', 'Internazionale', 'Cerro', 'Villarreal', 'Atlético', 'Atletico Madrid', 'Cagliari', 'Nacional']"
39,Marco Reus,"[""Borussia M'gla…"", 'Dortmund', 'Rot Weiss Ahlen', 'RW Ahlen', ""M'gladbach"", 'Borussia Dortmund']"
40,Jan Oblak,"['Olimpija', 'Beira-Mar', 'Rio Ave', 'Atlético', 'Benfica II', 'Atletico Madrid', 'União Leiria', 'Benfica', 'União de Leiria', 'Olhanense']"
41,Edinson Roberto Cavani Gómez,"['Manchester United', 'Napoli', 'Palermo', 'Man Utd', 'PSG', 'Danubio']"
42,Bernardo Mota Veiga de Carvalho e Silva,"['Monaco', 'Benfica II', 'Benfica', 'Manchester City', 'Man City']"
43,David Josué Jiménez Silva,"['Celta Vigo', 'Real Sociedad', 'Eibar', 'Valencia', 'Manchester City', 'Man City']"
44,Dries Mertens,"['PSV', 'Napoli', 'AGOVV', 'Utrecht']"
45,Fernando Luiz Rosa,"['Man City', 'Manchester City', 'Shakhtar Donetsk', 'Shakhtar D']"
46,Leroy Sané,"['Schalke 04 U19', 'Manchester Cit…', 'Bayern München', 'Schalke 04', 'Bayern Munich', 'Manchester City', 'Man City']"
47,Toby Alderweireld,"['Tottenham', 'Atlético', 'Atletico Madrid', 'Ajax', 'Tottenham Hotspur', 'Southampton']"
48,Karim Benzema,"['Real Madrid', 'Olympique Lyonnais', 'Lyon']"
49,Francisco Román Alarcón Suárez,"['Málaga', 'Real Madrid', 'Valencia']"
50,Jan Vertonghen,"['Tottenham', 'Waalwijk', 'Ajax', 'Tottenham Hotspur', 'RKC Waalwijk', 'Benfica']"
51,Mats  Hummels,"['Dortmund', 'Bayern München', 'Bayern München II', 'Borussia Dortmund', 'Bayern Munich']"
52,Thiago Emiliano da Silva,"['Chelsea', 'Dinamo Moscow', 'Fluminense', 'Milan', 'Dinamo M', 'Porto', 'Juventude', 'PSG']"
53,Joshua Kimmich,"['RB Leipzig', 'Stuttgart', 'Bayern München', 'Leipzig', 'Stuttgart U19', 'Bayern Munich']"
54,Roberto Firmino Barbosa de Oliveira,"['Liverpool', 'Hoffenheim', 'Figueirense']"
55,Samuel Umtiti,"['Olympique Lyonnais', 'Olympique Lyon…', 'Barcelona', 'Lyon']"
56,Jordi Alba Ramos,"['Tarragona', 'Valencia', 'Barcelona', 'Gimnàstic Tarr…']"
57,Milan Škriniar,"['Inter', 'Internazionale', 'Sampdoria', 'Žilina II', 'Žilina', 'Zlaté Moravce']"
58,Marco Verratti,"['Pescara', 'PSG']"
59,Daniel Parejo Muñoz,"['QPR', 'Real Madrid', 'Villarreal', 'Valencia', 'Getafe', 'Queens Park Ra…']"
60,Thiago Alcântara do Nascimento,"['Liverpool', 'Bayern München', 'Barcelona', 'Bayern Munich', 'Barcelona II']"
61,Lorenzo Insigne,"['Pescara', 'Foggia', 'Napoli', 'Cavese']"
62,Keylor Navas,"['Saprissa', 'Real Madrid', 'Levante', 'Albacete', 'Deportivo Saprissa', 'PSG']"
63,Marcos  Aoás Corrêa,"['Roma', 'PSG', 'Corinthians']"
64,Ciro Immobile,"['Pescara', 'Juventus', 'Siena', 'Dortmund', 'Lazio', 'Grosseto', 'Genoa', 'Borussia Dortmund', 'Sevilla', 'Torino']"
65,Ivan Rakitić,"['Sevilla', 'Schalke 04', 'Basel', 'Barcelona']"
66,Wojciech  Szczęsny,"['Roma', 'Juventus', 'Brentford', 'Arsenal']"
67,Leonardo Bonucci,"['Juventus', 'Inter', 'Internazionale', 'Milan', 'Treviso', 'Genoa', 'Pisa', 'Bari']"
68,Philippe Coutinho Correia,"['Vasco da Gama', 'Inter', 'Internazionale', 'Liverpool', 'Bayern München', 'Barcelona', 'Espanyol', 'Vasco', 'Bayern Munich']"
69,Thomas Müller,"['Bayern München II', 'Bayern Munich']"
70,Miralem Pjanić,"['Roma', 'Juventus', 'Lyon', 'Olympique Lyonnais', 'Barcelona', 'Metz']"
71,Ángel Fabián Di María Hernández,"['Real Madrid', 'Manchester United', 'Man Utd', 'Benfica', 'PSG', 'R. Central', 'Rosario Central']"
72,Saúl Ñíguez Esclápez,"['Atlético Madrid II', 'Vallecano', 'Atlético', 'Atletico Madrid', 'Rayo Vallecano']"
73,Rodrigo Hernández Cascante,"['Villarreal', 'Atlético', 'Atletico Madrid', 'Villarreal II', 'Manchester City', 'Man City']"
74,Alexandre Lacazette,"['Olympique Lyonnais', 'Olympique Lyon…', 'Arsenal', 'Lyon']"
75,Frenkie de Jong,"['Ajax II', 'Willem II', 'Ajax', 'Barcelona']"
76,Gianluigi Donnarumma,['Milan']
77,Niklas Süle,"['Bayern München', 'Hoffenheim II', 'Hoffenheim', 'Bayern Munich', 'Hoffenheim U19']"
78,Sergej Milinković-Savić,"['Lazio', 'Vojvodina', 'Genk']"
79,Raphaël Varane,"['Real Madrid', 'Lens II', 'Lens']"
80,Fábio Henrique Tavares,"['Monaco', 'Liverpool', 'Real Madrid', 'Fluminense', 'Rio Ave', 'Real Madrid II']"
81,José María Giménez de Vargas,"['Atletico Madrid', 'Atlético', 'Danubio']"
82,Andrew Robertson,"['Hull City', 'Dundee Utd', 'Liverpool', 'Hull', 'Dundee United', ""Queen's Park""]"
83,Matthijs de Ligt,"['Ajax II', 'Juventus', 'Ajax']"
84,Bruno Miguel Borges Fernandes,"['Sporting CP', 'Sampdoria', 'Manchester United', 'Man Utd', 'Novara', 'Udinese']"
85,Anthony Lopes,"['Olympique Lyonnais', 'Olympique Lyon…']"
86,Roman Bürki,"['FC Schaffhausen', 'Dortmund', 'Thun', 'FC Schaffh', 'Borussia Dortmund', 'Freiburg', 'Grasshopper', 'Young Boys']"
87,Romelu Lukaku,"['Chelsea', 'Inter', 'West Bromwich …', 'Internazionale', 'Manchester United', 'West Bromwich', 'Man Utd', 'Everton', 'Anderlecht']"
88,Péter Gulácsi,"['Hereford', 'RB Leipzig', 'Hereford United', 'RB Leipzig II', 'Hull City', 'Liverpool', 'Salzburg', 'Hull', 'Leipzig', 'Tranmere Rovers', 'Tranmere']"
89,Clément Lenglet,"['Sevilla', 'Nancy', 'Nancy II', 'Barcelona']"
90,Kostas Manolas,"['Roma', 'AEK', 'AEK Athens', 'Napoli', 'Olympiakos Piraeus', 'Thrasyvoulos', 'Olympiakos']"
91,David Olatukunbo Alaba,"['Bayern München', 'Real Madrid', 'Bayern München II', 'Hoffenheim', 'Bayern Munich']"
92,Alejandro Darío Gómez,"['Metalist Kh', 'San Lorenzo', 'Catania', 'Atalanta', 'Sevilla', 'Metalist', 'Arsenal']"
93,Norberto Murara Neto,"['Juventus', 'Paranaense', 'Fiorentina', 'Athletico Para…', 'Valencia', 'Barcelona']"
94,Zlatan Ibrahimović,"['Juventus', 'Inter', 'Internazionale', 'Milan', 'Manchester United', 'Malmö', 'Man Utd', 'LA Galaxy', 'Barcelona', 'PSG', 'Ajax', 'Galaxy']"
95,Allan Marques Loureiro,"['Vasco da Gama', 'Napoli', 'Everton', 'Vasco', 'Udinese']"
96,James David Rodríguez Rubio,"['Monaco', 'Real Madrid', 'Bayern München', 'Porto', 'Banfield', 'Everton', 'Bayern Munich']"
97,Jadon Sancho,"['Manchester Cit…', 'Dortmund', 'Borussia Dortm…', 'Borussia Dortmund', 'Man City']"
98,Mauro Emanuel Icardi Rivero,"['Sampdoria', 'Inter', 'Internazionale', 'PSG']"
99,Axel  Witsel,"['Zenit', 'Dortmund', 'Tianjin', 'Standard Liège', 'Standard', 'Borussia Dortmund', 'Tianjin Tianhai', 'Benfica']"
100,Daniel Carvajal Ramos,"['Real Madrid', 'Leverkusen', 'Bayer Leverkusen', 'Real Madrid II']"
101,Alex Sandro Lobo Silva,"['Juventus', 'Santos', 'Athletico Para…', 'Porto']"
102,Kai Havertz,"['Chelsea', 'Bayer Leverkus…', 'Leverkusen', 'Bayer Leverkusen']"
103,Kepa Arrizabalaga,"['Chelsea', 'Athletic Club', 'Athletic Club II', 'Real Valladolid', 'Valladolid', 'Ponferradina']"
104,Gareth Frank Bale,"['Southampton', 'Real Madrid', 'Tottenham', 'Tottenham Hotspur']"
105,Gonzalo Gerardo Higuaín,"['Chelsea', 'Juventus', 'River Plate', 'Milan', 'Real Madrid', 'Napoli', 'Inter Miami']"
106,Marcelo Vieira da Silva Júnior,"['Fluminense', 'Real Madrid']"
107,Hakim Ziyech,"['Chelsea', 'Heerenveen', 'Ajax', 'Twente']"
108,Blaise Matuidi,"['Troyes', 'Juventus', 'Saint-Etienne', 'Inter Miami', 'Saint-Étienne', 'PSG']"
109,Iago Aspas Juncal,"['Liverpool', 'Sevilla', 'Celta Vigo']"
110,Ousmane Dembélé,"['Rennes', 'Dortmund', 'Borussia Dortmund', 'Barcelona', 'Rennes II']"
111,João Pedro Cavaco Cancelo,"['Juventus', 'Inter', 'Internazionale', 'Benfica II', 'Benfica', 'Valencia', 'Manchester City', 'Man City']"
112,Arthur Henrique Ramos Oliveira Melo,"['Grêmio', 'Juventus', 'Barcelona']"
113,Bamidele Alli,"['MK Dons', 'Milton Keynes Dons', 'Tottenham Hotspur', 'Tottenham']"
114,Lucas Hernández,"['Atlético Madrid II', 'Bayern München', 'Atlético', 'Atletico Madrid', 'Bayern Munich']"
115,Julian Brandt,"['Bayer Leverkus…', 'Leverkusen', 'Bayer Leverkusen', 'Wolfsburg U19', 'Dortmund', 'Wolfsburg', 'Borussia Dortmund']"
116,Jorge Resurrección Merodio,"['Atletico Madrid', 'Atlético Madrid II']"
117,Luis Alberto Romero Alconchel,"['La Coruña', 'Liverpool', 'Deportivo La C…', 'Málaga', 'Barcelona', 'Sevilla II', 'Sevilla', 'Barcelona II', 'Lazio']"
118,Leon Goretzka,"['Bochum', 'Bayern München', 'Schalke 04 II', 'Schalke 04', 'Bayern Munich']"
119,Memphis Depay,"['PSV', 'Lyon', 'Manchester United', 'Man Utd', 'Olympique Lyonnais', 'Barcelona']"
120,Nabil Fekir,"['Lyon', 'Betis', 'Olympique Lyonnais', 'Olympique Lyon…', 'Real Betis']"
121,Bernd Leno,"['Stuttgart II', 'Leverkusen', 'Bayer Leverkusen', 'Stuttgart', 'Arsenal']"
122,Kingsley Coman,"['Juventus', 'Bayern München', 'PSG II', 'PSG', 'Bayern Munich']"
123,Stefan de Vrij,"['Lazio', 'Inter', 'Feyenoord', 'Internazionale']"
124,Alex Nicolao Telles,"['Grêmio', 'Inter', 'Internazionale', 'Manchester United', 'Porto', 'Juventude', 'Galatasaray', 'Man Utd']"
125,Jiří Pavlenka,"['Slavia Praha', 'Baník', 'Werder Bremen', 'Slavia', 'Bremen', 'Baník Ostrava']"
126,Felipe  Anderson Pereira Gomes,"['West Ham United', 'Santos', 'Porto', 'West Ham', 'Lazio']"
127,Stéphane Ruffier,"['Monaco', 'Saint-Etienne', 'Bayonne', 'Saint-Étienne', 'Aviron Bayonnais']"
128,João Filipe Iria Santos Moutinho,"['Sporting CP', 'Wolverhampton …', 'Monaco', 'Porto', 'Wolverhampton']"
129,Sokratis Papastathopoulos,"['Dortmund', 'AEK', 'Milan', 'AEK Athens', 'Niki Volos', 'Genoa', 'Werder Bremen', 'Niki', 'Borussia Dortmund', 'Arsenal U23', 'Bremen', 'Arsenal', 'Olympiakos']"
130,Serge Gnabry,"['West Bromwich …', 'Bayern München', 'Hoffenheim II', 'Hoffenheim', 'West Bromwich', 'Werder Bremen', 'Bayern Munich', 'Bremen', 'Arsenal']"
131,Salvatore Sirigu,"['Osasuna', 'Ancona', 'Palermo', 'Cremonese', 'PSG', 'Sevilla', 'Torino']"
132,Képler Laveran Lima Ferreira,"['Beşiktaş', 'Marítimo', 'Porto', 'Real Madrid']"
133,Marek Hamšík,"['IFK Göteborg', 'Slovan', 'Napoli', 'Dalian Pro', 'Trabzonspor', 'Slovan Bratislava', 'Brescia']"
134,Ivan Perišić,"['Inter', 'Club Brugge', 'Internazionale', 'Dortmund', 'Bayern München', 'KSV Roeselare', 'Wolfsburg', 'Sochaux', 'Borussia Dortmund', 'Bayern Munich', 'Roeselare']"
135,Edin Džeko,"['Roma', 'Željezničar', 'Teplice', 'Wolfsburg', 'Manchester City', 'Man City']"
136,Lucas  Pezzini Leiva,"['Grêmio', 'Liverpool', 'Liverpool U23', 'Lazio']"
137,Yann Sommer,"[""Borussia M'gla…"", 'Vaduz', 'Basel', ""M'gladbach"", 'Grasshopper']"
138,José María Callejón Bueno,"['Real Madrid', 'Fiorentina', 'Napoli', 'Espanyol']"
139,Jérôme Boateng,"['Hamburger SV', 'Hertha BSC', 'Bayern München', 'Hertha BSC II', 'Hamburg', 'Bayern Munich', 'Manchester City', 'Man City']"
140,Javier Martínez Aginaga,"['Osasuna', 'Athletic Club', 'Bayern München', 'Qatar', 'Bayern Munich']"
141,Arturo Vidal,"['Juventus', 'Leverkusen', 'Bayer Leverkusen', 'Bayern München', 'Colo Colo', 'Barcelona', 'Bayern Munich']"
142,İlkay Gündoğan,"['Nürnberg', 'Manchester Cit…', 'Dortmund', 'Bochum', 'Borussia Dortmund', 'Man City', 'Manchester City', 'Borussia Dortm…', 'Bochum II']"
143,José Paulo Bezzera Maciel Júnior,"['Guangzhou FC', 'RB Bragantino', 'Tottenham', 'Osasco Audax', 'Tottenham Hotspur', 'Barcelona', 'Corinthians']"
144,César Azpilicueta Tanco,"['Chelsea', 'Osasuna', 'Olympique Mars…', 'Marseille']"
145,Mesut Özil,"['Real Madrid', 'Fenerbahçe', 'Werder Bremen', 'Schalke 04', 'Bremen', 'Arsenal']"
146,Riyad Mahrez,"['Le Havre', 'Leicester City', 'Leicester', 'Le Havre II', 'Manchester City', 'Man City']"
147,Mario Mandžukić,"['Juventus', 'Bayern München', 'Atlético', 'Atletico Madrid', 'Wolfsburg', 'Dinamo Zagreb', 'Al Duhail', 'Bayern Munich', 'Zagreb']"
148,Douglas Costa de Souza,"['Grêmio', 'Juventus', 'Shakhtar D', 'Bayern München', 'Shakhtar Donetsk', 'Bayern Munich']"
149,Josip Iličić,"['Atalanta', 'Palermo', 'Fiorentina', 'Interblock', 'Maribor', 'SC Bonifika Koper']"
150,Edin Višća,"['Željezničar', 'Başakşehir', 'Istanbul Basak…']"
151,Georginio Wijnaldum,"['PSV', 'Newcastle', 'Liverpool', 'Newcastle United', 'PSV II', 'PSG', 'Feyenoord']"
152,Giovani Lo Celso,"['Tottenham', 'Betis', 'Tottenham Hotspur', 'PSG', 'R. Central', 'Rosario Central', 'Real Betis']"
153,Kyle Walker,"['Tottenham', 'QPR', 'Sheffield United', 'Northampton Town', 'Aston Villa', 'Sheff Utd', 'Northampton', 'Tottenham Hotspur', 'Queens Park Ra…', 'Manchester City', 'Man City']"
154,Dušan Tadić,"['Groningen', 'Vojvodina', 'Ajax', 'Twente', 'Southampton']"
155,Alessio Romagnoli,"['Sampdoria', 'Milan', 'Roma']"
156,Trent Alexander-Arnold,"['Liverpool U18', 'Liverpool', 'Liverpool U23']"
157,Luís Miguel Afonso Fernandes,"['La Coruña', 'Braga', 'Paços Ferreira', 'Deportivo La C…', 'Sporting Braga', 'Sporting Covilhã', 'Atlético', 'Covilhã', 'Atletico Madrid', 'Benfica', 'Espanyol', 'Paços de Ferreira', 'Ribeirão']"
158,Sergio Canales Madrazo,"['Real Madrid', 'Betis', 'Real Sociedad', 'Racing Santander', 'Santander', 'Valencia', 'Real Betis']"
159,Fabián Ruiz Peña,"['Elche', 'Betis', 'Napoli', 'Real Betis II', 'Real Betis']"
160,Felipe Augusto de Almeida Monteiro,"['RB Bragantino', 'Atlético', 'Porto', 'Atletico Madrid', 'Corinthians']"
161,Arkadiusz Milik,"['Rozwój Katowice', 'Bayer Leverkus…', 'Leverkusen', 'Bayer Leverkusen', 'Ajax II', 'Górnik Zabrze', 'Napoli', 'Marseille', 'Olympique Mars…', 'Rozwój', 'Ajax', 'Górnik', 'Augsburg']"
162,Manuel Obafemi Akanji,"['Winterthur', 'Basel', 'Borussia Dortmund', 'Dortmund']"
163,Anderson Souza Conceição,"['Beşiktaş', 'Guangzhou FC', 'Benfica', 'Bahia']"
164,Anthony Martial,"['Lyon', 'Monaco', 'Manchester United', 'Man Utd', 'Olympique Lyonnais', 'Olympique Lyon…', 'Monaco II']"
165,Marcus Rashford,['Manchester United']
166,Pau López Sabata,"['Roma', 'Tottenham', 'Espanyol II', 'Betis', 'Tottenham Hots…', 'Tottenham Hotspur', 'Espanyol', 'Real Betis']"
167,Luka Jović,"['Eintracht Fran…', 'Real Madrid', 'Benfica II', 'Benfica', 'Crvena Zvezda', 'Frankfurt']"
168,Gonçalo Manuel Ganchinho Guedes,"['Benfica II', 'PSG', 'Benfica', 'Valencia']"
169,Nicolas Pépé,"['Lille', 'Stade Poitevin', 'Orléans', 'Angers SCO II', 'Angers', 'Angers SCO', 'Arsenal']"
170,Marco Asensio Willemsen,"['Real Madrid', 'Mallorca', 'Espanyol']"
171,Jonathan Tah,"['Hamburger SV', 'Bayer Leverkusen', 'Leverkusen', 'Hamburger SV U19', 'Düsseldorf', 'Fortuna Dusseldorf', 'Hamburger SV II', 'Hamburg']"
172,Corentin Tolisso,"['Lyon', 'Bayern München', 'Olympique Lyonnais', 'Olympique Lyon…', 'Bayern Munich']"
173,Adrien Rabiot,"['Toulouse II', 'Juventus', 'PSG II', 'PSG', 'Toulouse']"
174,Lucas Digne,"['Roma', 'Lille', 'Lille II', 'Everton', 'PSG', 'Barcelona']"
175,Alejandro Grimaldo García,"['Barcelona II', 'Benfica', 'Barcelona']"
176,Timo Werner,"['Chelsea', 'Stuttgart II', 'RB Leipzig', 'Stuttgart', 'Leipzig', 'Stuttgart U19']"
177,John Stones,"['Manchester City', 'Man City', 'Everton', 'Barnsley']"
178,Thomas Lemar,"['Caen II', 'Monaco', 'Atlético', 'Atletico Madrid', 'Caen']"
179,Davinson Sánchez,"['Tottenham', 'Ajax II', 'Atl. Nacional', 'Ajax', 'Tottenham Hotspur', 'Atlético Nacional']"
180,Julian Draxler,"['Schalke 04', 'Wolfsburg', 'PSG']"
181,Koen Casteels,"['Genk', 'Hoffenheim II', 'Hoffenheim', 'Werder Bremen', 'Wolfsburg', 'Bremen']"
182,Sébastien Haller,"['West Ham United', 'Auxerre', 'Eintracht Fran…', 'Ajax', 'Auxerre II', 'Frankfurt', 'West Ham', 'Utrecht']"
183,Borja Iglesias Quintas,"['Celta Vigo', 'Villarreal', 'Betis', 'Espanyol', 'Zaragoza', 'Real Zaragoza', 'Celta de Vigo II', 'Real Betis']"
184,Yannick Ferreira Carrasco,"['Monaco', 'Atlético', 'Dalian Pro', 'Atletico Madrid', 'Monaco II']"
185,Jordan Pickford,"['Carlisle United', 'Preston', 'Carlisle', 'Alfreton', 'Preston North End', 'Bradford', 'Everton', 'Bradford City', 'Darlington FC', 'Sunderland U23', 'Alfreton Town', 'Burton Albion', 'Sunderland']"
186,Álvaro Borja Morata Martín,"['Chelsea', 'Juventus', 'Real Madrid', 'Atlético', 'Atletico Madrid', 'Real Madrid II']"
187,Francisco Alcácer García,"['Dortmund', 'Valencia II', 'Villarreal', 'Borussia Dortmund', 'Valencia', 'Barcelona', 'Getafe']"
188,Wilfried Zaha,"['Cardiff', 'Manchester United', 'Man Utd', 'Cardiff City', 'Crystal Palace']"
189,Marc Bartra Aregall,"['Dortmund', 'Betis', 'Borussia Dortmund', 'Barcelona', 'Barcelona II', 'Real Betis']"
190,Djené Dakonam Ortega,"['Getafe', 'Sint-Truiden', 'Cotonsport', 'Alcorcón']"
191,Luiz Frello Filho Jorge,"['Verona', 'Chelsea', 'Hellas Verona', 'Napoli']"
192,Kevin Trapp,"['Kaiserslautern', 'Eintracht Fran…', 'Kaiserslautern II', 'PSG', 'Frankfurt']"
193,Federico Bernardeschi,"['Juventus', 'Fiorentina', 'Crotone']"
194,Lucas Rodrigues M. Silva,"['São Paulo', 'Tottenham', 'Tottenham Hotspur', 'PSG']"
195,Oscar dos Santos Emboaba Júnior,"['Internacional', 'Chelsea', 'São Paulo', 'Shanghai Port']"
196,Jasper Cillessen,"['NEC', 'Ajax II', 'Ajax', 'Barcelona', 'Valencia']"
197,Gianluigi Buffon,"['Juventus', 'Parma', 'PSG']"
198,Pablo Sarabia García,"['Real Madrid', 'Real Madrid II', 'PSG', 'Getafe', 'Sevilla']"
199,Florian Thauvin,"['Grenoble', 'Grenoble Foot 38', 'Newcastle', 'Lille', 'Newcastle United', 'Bastia', 'Marseille', 'Olympique Mars…']"
200,William Silva de Carvalho,"['Cercle Brugge', 'Fátima', 'Sporting CP', 'Betis', 'Real Betis']"
201,Vincent Kompany,[]
202,Iker Casillas Fernández,"['Real Madrid', 'Porto']"
203,Raúl Albiol Tortajada,"['Real Madrid', 'Villarreal', 'Napoli', 'Valencia', 'Getafe']"
204,Rui Pedro dos Santos Patrício,"['Sporting CP', 'Wolverhampton …', 'Wolverhampton']"
205,Carlos Alberto Vela Garrido,"['Osasuna', 'Guadalajara', 'West Bromwich …', 'Los Angeles', 'West Bromwich', 'Real Sociedad', 'UD Salamanca', 'Arsenal']"
206,João Miranda de Souza Filho,"['Inter', 'Jiangsu', 'Internazionale', 'Coritiba', 'Jiangsu FC', 'Atlético', 'Atletico Madrid', 'Sochaux', 'São Paulo']"
207,Radja Nainggolan,"['Roma', 'Inter', 'Internazionale', 'Piacenza', 'Cagliari']"
208,Rune  Almenning Jarstein,"['Odd', 'Hertha BSC', 'Rosenborg', 'Hertha BSC II', 'Viking']"
209,Radamel Falcao García Zárate,"['Chelsea', 'Monaco', 'River Plate', 'Manchester United', 'Porto', 'Atlético', 'Atletico Madrid', 'Galatasaray', 'Man Utd']"
210,Fabio Quagliarella,"['Juventus', 'Sampdoria', 'Napoli', 'Ascoli', 'Udinese', 'Torino']"
211,Kasper Schmeichel,"['Notts', 'Cardiff', 'Darlington', 'Leicester City', 'Bury', 'Coventry', 'Leeds', 'Falkirk', 'Leeds United', 'Coventry City', 'Darlington FC', 'Leicester', 'Manchester City', 'Man City', 'Notts County']"
212,Ezequiel Marcelo Garay,"['Zenit', 'Real Madrid', 'Racing Santander', ""Newell's Old Boys"", 'Benfica', 'Valencia', 'Santander', 'NOB']"
213,Jordan Brian Henderson,"['Liverpool', 'Coventry', 'Coventry City', 'Sunderland']"
214,Asier Illarramendi Andonegi,"['Real Sociedad', 'Real Madrid', 'Real Sociedad II']"
215,Diego da Silva Costa,"['Chelsea', 'Braga', 'Sporting Braga', 'Real Valladolid', 'Celta Vigo', 'Vallecano', 'Albacete', 'Atlético', 'Valladolid', 'Atletico Madrid', 'Penafiel', 'Rayo Vallecano']"
216,David Luiz Moreira Marinho,"['Chelsea', 'Vitória', 'Benfica', 'PSG', 'Arsenal']"
217,Daley Blind,"['Ajax II', 'Manchester United', 'Groningen', 'Man Utd', 'Ajax']"
218,Aaron Ramsey,"['Juventus', 'Cardiff', 'Nottm Forest', 'Cardiff City', 'Nottingham Forest', 'Arsenal']"
219,Max Kruse,"[""Borussia M'gla…"", 'Union Berlin', 'Fenerbahçe', 'Werder Bremen', 'Werder Bremen II', ""M'gladbach"", 'Wolfsburg', 'Freiburg', 'St. Pauli', 'Bremen']"
220,Éver Maximiliano David Banega,"['Inter', 'Internazionale', 'Boca Juniors', 'Atlético', ""Newell's Old Boys"", 'Atletico Madrid', 'Valencia', 'Sevilla', 'NOB']"
221,Sami Khedira,"['Stuttgart', 'Juventus', 'Stuttgart II', 'Real Madrid']"
222,Gylfi Þór Sigurðsson,"['Tottenham', 'Crewe', 'Shrewsbury Town', 'Hoffenheim', 'Shrewsbury', 'Everton', 'Tottenham Hotspur', 'Swansea City', 'Crewe Alexandra', 'Reading', 'Swansea']"
223,Juan Cuadrado,"['Chelsea', 'Juventus', 'Lecce', 'Independiente …', 'Fiorentina', 'Medellín', 'Udinese']"
224,Lukáš Hrádecký,"['Esbjerg', 'Leverkusen', 'Bayer Leverkusen', 'Eintracht Fran…', 'Frankfurt', 'Brøndby']"
225,Danilo Luís Hélio Pereira,"['Porto', 'Marítimo', 'Aris', 'Roda', 'PSG', 'Parma', 'Roda JC']"
226,Rodrigo Moreno Machado,"['Bolton', 'Real Madrid', 'Leeds United U23', 'Benfica', 'Valencia', 'Leeds United', 'Leeds', 'Bolton Wanderers']"
227,Kevin Kampl,"['RB Leipzig', 'Bayer Leverkus…', 'Leverkusen', 'Bayer Leverkusen', 'Greuther Fürth', 'Dortmund', 'Salzburg', 'Osnabrück', 'Borussia Dortmund', 'Leipzig', 'Aalen', 'Greuther Fürth II']"
228,Nicolás Hernán Otamendi,"['Vélez Sarsfield', 'Atlético Mineiro', 'Vélez', 'Porto', 'Benfica', 'Valencia', 'Atl. Mineiro', 'Manchester City', 'Man City']"
229,Ronaldo Jailson Cabrais Petri,[]
230,Andrej Kramarić,"['Lokomotiva', 'Rijeka', 'Hoffenheim', 'Leicester City', 'Dinamo Zagreb', 'Leicester', 'Lokomotiva Zagreb']"
231,Wissam Ben Yedder,"['Toulouse II', 'Sevilla', 'Monaco', 'Toulouse']"
232,Naby Keïta,"['RB Leipzig', 'Liverpool', 'Salzburg', 'Istres', 'Leipzig']"
233,Thomas Strakosha,"['Salernitana', 'Lazio']"
234,Charles Mariano Aránguiz Sandoval,"['Quilmes', 'Bayer Leverkusen', 'Cobreloa', 'U. de Chile', 'Colo Colo', 'Universidad d…', 'Cobresal', 'Internacional', 'Udinese']"
235,Lourival Adnan Beretta Barbosa,[]
236,Leon Bailey Butler,"['Leverkusen', 'Bayer Leverkusen', 'Genk']"
237,Francesco Acerbi,"['Milan', 'Chievo', 'Genoa', 'Reggina', 'Pavia', 'Lazio', 'Sassuolo']"
238,Idrissa Gana Gueye,"['Lille', 'Lille II', 'Aston Villa', 'Everton', 'PSG']"
239,Mikel Oyarzabal Ugarte,"['Real Sociedad', 'Real Sociedad II']"
240,Josué Durval Chiamulera Vaz,[]
241,Mateo Kovačić,"['Chelsea', 'Inter', 'Internazionale', 'Real Madrid', 'Dinamo Zagreb']"
242,Gabriel Fernando de Jesus,"['Manchester City', 'Man City', 'Palmeiras']"
243,Lucas Torreira Di Pascua,"['Pescara', 'Sampdoria', 'Atlético', 'Atletico Madrid', 'Arsenal']"
244,Andrea Belotti,"['Palermo', 'AlbinoLeffe', 'Torino']"
245,Rúben Diogo da Silva Neves,"['Porto II', 'Wolverhampton', 'Wolverhampton …', 'Porto']"
246,Steven Bergwijn,"['PSV II', 'PSV', 'Tottenham', 'Tottenham Hotspur']"
247,Mattia Perin,"['Pescara', 'Juventus', 'Padova', 'Genoa']"
248,Nélson Cabral Semedo,"['Fátima', 'Wolverhampton …', 'Benfica II', 'Wolverhampton', 'Benfica', 'Barcelona']"
249,Alphonse Areola,"['Real Madrid', 'Villarreal', 'Bastia', 'PSG II', 'PSG', 'Lens', 'Fulham']"
250,André Onana,"['Ajax II', 'Ajax']"
251,Presnel Kimpembe,"['PSG', 'PSG II']"
252,Kerem Demirbay,"['Hamburger SV', 'Bayer Leverkusen', 'Leverkusen', 'Dortmund', 'Kaiserslautern', 'Düsseldorf', 'Hoffenheim', 'Fortuna Dusseldorf', 'Hamburger SV II', 'Hamburg', 'Borussia Dortm…']"
253,Hirving Rodrigo Lozano Bahena,"['PSV', 'Napoli', 'Pachuca']"
254,Ángel Correa,"['Atletico Madrid', 'San Lorenzo', 'Atlético']"
255,Gelson Dany Batalha Martins,"['Sporting CP', 'Monaco', 'Atlético', 'Atletico Madrid', 'Sporting CP II']"
256,Benjamin Lecomte,"['Monaco', 'Montpellier', 'Dijon', 'Lorient II', 'Lorient']"
257,Iñaki Williams Arthuer,"['Athletic Club', 'Athletic Club II']"
258,Stefan Savić,"['Atlético', 'Atletico Madrid', 'BSK Borča', 'Fiorentina', 'Borča', 'Man City', 'Manchester City', 'Partizan']"
259,Thomas Partey,"['Atlético Madrid II', 'Mallorca', 'Atlético', 'Atletico Madrid', 'Almería', 'Arsenal']"
260,Fernando Pacheco Flores,"['Real Madrid III', 'Alavés', 'Real Madrid', 'Real Madrid II', 'Deportivo Alavés']"
261,Joël Andre Job Matip,"['Liverpool', 'Schalke 04 II', 'Schalke 04']"
262,Antonio Rüdiger,"['Roma', 'Chelsea', 'Stuttgart II', 'Stuttgart', 'Chelsea U23']"
263,Jesús Joaquín Fernández Sáez,"['Liverpool', 'Milan', 'Genoa', 'Almería', 'Sevilla']"
264,Nicolás Alejandro Tagliafico,"['Murcia', 'Banfield', 'Independiente', 'Ajax', 'Real Murcia']"
265,David Soria Solís,"['Getafe', 'Sevilla', 'Sevilla II']"
266,Sergio  Asenjo Andrés,"['Villarreal', 'Real Valladolid', 'Atlético', 'Valladolid', 'Málaga', 'Atletico Madrid']"
267,Daniele Rugani,"['Juventus', 'Rennes', 'Empoli', 'Cagliari']"
268,Mario Götze,"['PSV', 'Dortmund', 'Bayern München', 'Borussia Dortmund', 'Bayern Munich', 'Borussia Dortm…']"
269,Oliver Baumann,"['Freiburg II', 'Hoffenheim', 'Freiburg']"
270,Ricardo Barbosa Pereira,"['Porto II', 'Guimarães', 'Vitoria Guimaraes', 'Leicester City U23', 'Leicester City', 'Porto', 'Vitória Guimar…', 'Leicester', 'Nice II', 'Nice']"
271,Thomas Delaney,"['København', 'Dortmund', 'Werder Bremen', 'Borussia Dortmund', 'Bremen']"
272,José Ignacio Fernández Iglesias,"['Real Madrid', 'Real Madrid II']"
273,Kevin Volland,"['Leverkusen', 'Bayer Leverkusen', '1860 München II', 'Monaco', 'Hoffenheim', '1860 München']"
274,Sergio Roberto Carnicer,"['Barcelona II', 'Barcelona']"
275,Iker Muniain Goñi,"['Athletic Club', 'Athletic Club II']"
276,Harry Maguire,"['Wigan Athletic', 'Hull City', 'Wigan', 'Manchester United', 'Leicester City', 'Hull', 'Sheffield United', 'Sheff Utd', 'Man Utd', 'Leicester']"
277,Emil Forsberg,"['RB Leipzig', 'GIF Sundsvall', 'Malmö', 'Sundsvall', 'Malmö FF', 'Leipzig']"
278,Thorgan Hazard,"[""Borussia M'gla…"", 'Chelsea', 'Zulte-Waregem', 'Dortmund', 'Lens II', ""M'gladbach"", 'Borussia Dortmund', 'ZW', 'Lens']"
279,Gabriel Armando de Abreu,"['Vitória', 'Arsenal', 'Villarreal', 'Valencia']"
280,Nico Schulz,"[""Borussia M'gla…"", 'Dortmund', 'Hertha BSC', 'Hoffenheim', ""M'gladbach"", 'Hertha BSC II', 'Borussia Dortmund']"
281,Daniele De Rossi,"['Roma', 'Boca Juniors']"
282,Willian José da Silva,"['Grêmio', 'Wolverhampton …', 'Las Palmas', 'Real Madrid', 'Grêmio Barueri', 'Santos', 'Real Sociedad', 'Wolverhampton', 'Real Madrid II', 'Maldonado', 'Zaragoza', 'Real Zaragoza', 'São Paulo']"
283,Matteo Politano,"['Pescara', 'Roma', 'Inter', 'Internazionale', 'Napoli', 'Perugia', 'Sassuolo']"
284,Filip Kostić,"['Hamburger SV', 'Stuttgart', 'Eintracht Fran…', 'Groningen', 'Radnički Kragu…', 'Radnički Krag', 'Frankfurt', 'Hamburg']"
285,Jérôme Roussillon,"['Montpellier', 'Wolfsburg', 'Sochaux', 'Sochaux II', 'Montpellier II']"
286,Rafael Alexandre Fernandes Ferreira da Silva,"['Braga', 'Sporting Braga', 'Benfica', 'Sporting Braga II', 'Feirense']"
287,José Manuel  Reina Páez,"['Liverpool', 'Milan', 'Villarreal', 'Bayern München', 'Napoli', 'Aston Villa', 'Barcelona', 'Bayern Munich', 'Lazio']"
288,Emiliano Viviano,"['Bologna', 'Inter', 'Sporting CP', 'SPAL', 'Internazionale', 'Fatih', 'Sampdoria', 'Palermo', 'Fiorentina', 'Brescia', 'Arsenal']"
289,Aritz Aduriz Zubeldia,"['Athletic Club', 'Mallorca', 'Real Valladolid', 'Burgos', 'Valladolid', 'Valencia']"
290,Jesús Navas González,"['Sevilla', 'Manchester City', 'Man City']"
291,Santiago Cazorla González,"['Recreativo Huelva', 'Huelva', 'Villarreal', 'Málaga', 'Sadd', 'Al Sadd', 'Arsenal']"
292,Lucas Rodrigo Biglia,"['Fatih', 'Milan', 'Independiente', 'Anderlecht', 'Lazio']"
293,Vedran Ćorluka,"['Lokomotiv Moscow', 'Leverkusen', 'Bayer Leverkusen', 'Tottenham', 'Lokomotiv M', 'Dinamo Zagreb', 'Tottenham Hotspur', 'Manchester City', 'Man City']"
294,Héctor Miguel Herrera López,"['Porto II', 'Atlético', 'Porto', 'Atletico Madrid', 'Pachuca']"
295,Willian Borges da Silva,"['Chelsea', 'Shakhtar D', 'Shakhtar Donetsk', 'Anzhi', 'Corinthians', 'Arsenal']"
296,Łukasz Fabiański,"['Legia Warszawa', 'Lech Poznań', 'Legia', 'West Ham United', 'Lech', 'Swansea City', 'West Ham', 'Arsenal', 'Swansea']"
297,Simon Thorup Kjær,"['Roma', 'Midtjylland', 'Lille', 'Milan', 'Fenerbahçe', 'Atalanta', 'Palermo', 'Wolfsburg', 'Sevilla']"
298,Juan Manuel Mata García,"['Chelsea', 'Real Madrid', 'Manchester United', 'Man Utd', 'Real Madrid II', 'Valencia']"
299,Alexis Alejandro Sánchez Sánchez,"['Inter', 'Internazionale', 'River Plate', 'Cobreloa', 'Manchester United', 'Colo Colo', 'Man Utd', 'Barcelona', 'Udinese', 'Arsenal']"
300,Marlos Romero Bonfim,"['Shakhtar D', 'Coritiba', 'Metalist Kh', 'Shakhtar Donetsk', 'Metalist', 'São Paulo']"
301,Giacomo Bonaventura,"['Milan', 'Padova', 'Atalanta', 'Fiorentina', 'Pergocrema']"
302,Olivier Giroud,"['Chelsea', 'Grenoble', 'Grenoble Foot 38', 'Tours', 'Istres', 'Montpellier', 'Arsenal']"
303,Giuliano Victor de Paula,"['Grêmio', 'Zenit', 'Fenerbahçe', 'Al Nassr', 'Nassr', 'Başakşehir', 'Internacional', 'Dnipro', 'Paraná', 'Dnipro Dniprop…']"
304,Mario  Barwuah Balotelli,"['Inter', 'Internazionale', 'Liverpool', 'Milan', 'Monza', 'Marseille', 'Olympique Mars…', 'Manchester City', 'Man City', 'Brescia', 'Nice']"
305,Taison Barcellos Freda,"['Shakhtar D', 'Shakhtar Donetsk', 'Metalist Kh', 'Internacional', 'Metalist']"
306,Bas Dost,"['Sporting CP', 'Club Brugge', 'Heerenveen', 'Eintracht Fran…', 'Wolfsburg', 'Emmen', 'Frankfurt', 'Heracles']"
307,Aleksandar Kolarov,"['Roma', 'Čukarički', 'Inter', 'OFK', 'OFK Beograd', 'Manchester City', 'Man City', 'Lazio']"
308,Marko Arnautović,"['Inter', 'Shanghai Port', 'Internazionale', 'Stoke City', 'West Ham United', 'Werder Bremen', 'Twente', 'West Ham', 'Stoke', 'Bremen']"
309,Ander Herrera Agüera,"['Athletic Club', 'Manchester United', 'Man Utd', 'PSG', 'Zaragoza', 'Real Zaragoza']"
310,Mário Figueira Fernandes,"['Grêmio', 'CSKA Moscow', 'CSKA']"
311,Pedro Eliezer Rodríguez Ledesma,"['Roma', 'Chelsea', 'Barcelona']"
312,Luuk de Jong,"[""Borussia M'gla…"", 'PSV', 'Newcastle', 'Newcastle United', ""M'gladbach"", 'Twente', 'De Graafschap', 'Sevilla']"
313,Cédric Bakambu,"['Guoan', 'Bursaspor', 'Villarreal', 'Sochaux', 'Sochaux II', 'Beijing Guoan']"
314,Sebastián Coates Nión,"['Liverpool', 'Sporting CP', 'Nacional', 'Sunderland']"
315,Stephan El Shaarawy,"['Roma', 'Monaco', 'Milan', 'Shenhua', 'Padova', 'Genoa', 'Shanghai Shenhua']"
316,Quincy Anton Promes,"['Spartak M', 'Ajax', 'Go Ahead Eagles', 'Spartak Moscow', 'Twente', 'Sevilla', 'Go Ahead']"
317,Jamie Vardy,"['Halifax Town', 'Leicester City', 'Leicester', 'Fleetwood Town', 'Fleetwood']"
318,Thomas Meunier,"['Club Brugge', 'Virton', 'Excelsior Virton', 'Borussia Dortmund', 'PSG']"
319,Duván Zapata,"['Sampdoria', 'Estudiantes', 'América', 'Napoli', 'Atalanta', 'Udinese', 'América de Cali']"
320,Xherdan Shaqiri,"['Inter', 'Internazionale', 'Stoke City', 'Liverpool', 'Bayern München', 'Basel', 'Bayern Munich', 'Stoke']"
321,Karim Bellarabi,"['Bayer Leverkus…', 'Leverkusen', 'Bayer Leverkusen', 'Eintracht Brau…', 'Braunschweig']"
322,Raphael William Anjos Rochedo,[]
323,Rosberto J. Dourado Santos,[]
324,José Luis Morales Nogales,"['Levante II', 'Eibar', 'Levante']"
325,Juan Everton Mestres de Mesquita,[]
326,Houssem Aouar,"['Olympique Lyonnais', 'Olympique Lyon…']"
327,Egidio Maestre Schetino,[]
328,Jesse Lingard,"['Derby County', 'West Ham United', 'Brighton', 'Manchester United', 'Leicester City', 'Derby', 'Birmingham City', 'Man Utd', 'Birmingham', 'Brighton & Hov…', 'Leicester', 'West Ham']"
329,José María Sildero,[]
330,Donny van de Beek,"['Ajax II', 'Man Utd', 'Manchester United', 'Ajax']"
331,Lautaro Martínez,"['Racing Club', 'Inter', 'Internazionale']"
332,Alessio Cragno,"['Cagliari', 'Virtus Lanciano', 'Benevento', 'Lanciano', 'Brescia']"
333,Tanguy NDombèlé Alvaro,"['Lyon', 'Tottenham', 'Amiens SC II', 'Amiens', 'Olympique Lyonnais', 'Tottenham Hotspur', 'Guingamp II', 'Amiens SC']"
334,Daniel Ceballos Fernández,"['Real Madrid', 'Betis', 'Real Betis II', 'Arsenal', 'Real Betis']"
335,Éder Gabriel Militão,"['São Paulo', 'Real Madrid', 'Porto']"
336,Victor Nilsson Lindelöf,"['Manchester United', 'Benfica II', 'Man Utd', 'Benfica', 'Västerås SK', 'Västerås']"
337,José Luís Gayà Peña,"['Valencia II', 'Valencia']"
338,Rafael Alcântara do Nascimento,"['Inter', 'Internazionale', 'Celta Vigo', 'Barcelona', 'PSG', 'Barcelona II']"
339,Piotr Zieliński,"['Udinese', 'Napoli', 'Empoli']"
340,Geoffrey Kondogbia,"['Inter', 'Internazionale', 'Monaco', 'Lens II', 'Atlético', 'Atletico Madrid', 'Valencia', 'Lens', 'Sevilla']"
341,Pablo Fornals Malla,"['Málaga', 'West Ham', 'Villarreal', 'West Ham United']"
342,Onyinye Wilfred Ndidi,"['Leicester City', 'Leicester', 'Genk']"
343,Granit Xhaka,"[""Borussia M'gla…"", 'Basel', 'Arsenal', ""M'gladbach""]"
344,Gerónimo Rulli,"['Estudiantes', 'Villarreal', 'Montpellier', 'Real Sociedad', 'Maldonado', 'Man City']"
345,Emre Can,"['Juventus', 'Leverkusen', 'Bayer Leverkusen', 'Dortmund', 'Liverpool', 'Bayern München', 'Bayern München II', 'Borussia Dortmund', 'Bayern Munich']"
346,Luke Shaw,"['Southampton', 'Man Utd', 'Manchester United', 'Manchester Uni…']"
347,David Neres Campos,"['Ajax II', 'São Paulo', 'Ajax']"
348,Abdoulaye Doucouré,"['Rennes', 'Granada', 'Rennes II', 'Everton', 'Watford']"
349,Josef Alexander Martínez,"['Thun', 'Caracas', 'Atlanta United', 'Young Boys', 'Torino']"
350,Yussuf Yurary Poulsen,"['RB Leipzig', 'Lyngby']"
351,Marcel Sabitzer,"['RB Leipzig', 'Salzburg', 'Rapid', 'Admira II', 'Rapid Wien', 'Leipzig', 'Admira']"
352,Timo Horn,"['Köln', 'Köln II']"
353,Armando Izzo,"['Napoli', 'Genoa', 'Avellino', 'Triestina', 'Torino']"
354,Willi Orban,"['RB Leipzig', 'Kaiserslautern', 'Kaiserslautern II', 'Leipzig']"
355,Alassane Plea,"[""Borussia M'gla…"", 'Lyon', 'Auxerre', ""M'gladbach"", 'Olympique Lyonnais', 'Olympique Lyon…', 'Nice']"
356,Matthias Ginter,"[""Borussia M'gla…"", 'Dortmund', ""M'gladbach"", 'Borussia Dortmund', 'Freiburg', 'Borussia Dortm…']"
357,Ryan Fraser,"['AFC Bournemouth', 'Newcastle', 'Newcastle United', 'Bournemouth', 'Aberdeen', 'Ipswich Town', 'Ipswich']"
358,Thiago Henrique Mendes Ribeiro,"['Lyon', 'Lille', 'Olympique Lyonnais', 'São Paulo', 'Goiás']"
359,Raphaël Guerreiro,"['Caen II', 'Dortmund', 'Caen', 'Borussia Dortmund', 'Lorient']"
360,Luka Milivojević,"['Olympiakos Piraeus', 'Rad Beograd', 'Crvena Zvezda', 'Crystal Palace', 'Rad', 'Anderlecht', 'Olympiakos']"
361,Adem Ljajić,"['Roma', 'Inter', 'Internazionale', 'Fiorentina', 'Beşiktaş', 'Partizan', 'Torino']"
362,Wout Weghorst,"['Wolfsburg', 'Heracles', 'Emmen', 'AZ']"
363,Marcelo Brozović,"['Lokomotiva', 'Inter', 'Internazionale', 'Hr Dragovoljac', 'Dinamo Zagreb', 'Hrvatski Drago…', 'Lokomotiva Zagreb']"
364,Ricardo Andrade Quaresma Bernardo,"['Kasımpaşa', 'Chelsea', 'Inter', 'Sporting CP', 'Guimarães', 'Internazionale', 'Porto', 'Barcelona', 'Beşiktaş', 'Shabab Al Ahli']"
365,Gerard Moreno Balagueró,"['Villarreal II', 'Mallorca', 'Villarreal', 'Espanyol']"
366,Jesús Corona,"['Twente', 'Twente II', 'Porto', 'Monterrey']"
367,João Mário Naval Costa Eduardo,"['Lokomotiv Moscow', 'Vitória Setúbal', 'Sporting CP', 'Inter', 'Internazionale', 'West Ham United', 'Lokomotiv M', 'Setúbal', 'West Ham', 'Sporting CP II']"
368,Tomáš Vaclík,"['Sparta Praha II', 'Viktoria Žižkov', 'Sparta', 'Basel', 'Sparta Praha', 'Vítkovice', 'Sevilla']"
369,Jérémy Mathieu,"['Sporting CP', 'Sochaux', 'Valencia', 'Barcelona', 'Toulouse']"
370,Jordi Masip López,"['Valladolid', 'Real Valladolid', 'Barcelona II', 'Barcelona']"
371,Lisandro López,"['Racing Club', 'Al Gharafa', 'Lyon', 'Porto', 'Olympique Lyonnais', 'Gharafa', 'Internacional', 'Atlanta United']"
372,James Philip Milner,"['Newcastle', 'Liverpool', 'Newcastle United', 'Aston Villa', 'Leeds United', 'Leeds', 'Manchester City', 'Man City', 'Swindon']"
373,Bafétimbi Gomis,"['Al Hilal', 'Lyon', 'Saint-Etienne', 'Marseille', 'Hilal', 'Galatasaray', 'Olympique Lyon…', 'Olympique Mars…', 'Olympique Lyonnais', 'Swansea City', 'Saint-Étienne', 'Swansea']"
374,Laurent Koscielny,"['Guingamp', 'Tours', 'Bordeaux', 'Arsenal U23', 'Lorient', 'Arsenal']"
375,Andrea Consigli,"['Atalanta', 'Rimini', 'Sassuolo']"
376,Moussa Sidi Yaya Dembélé,"['Tottenham', 'Beerschot', 'Willem II', 'Tottenham Hotspur', 'Guangzhou City', 'Fulham', 'AZ']"
377,Łukasz Piszczek,"['Dortmund', 'Hertha BSC', 'Zagłębie Lubin', 'Zagłębie', 'Hertha BSC II', 'Borussia Dortmund']"
378,José Andrés Guardado Hernández,"['La Coruña', 'PSV', 'Atlas', 'Bayer Leverkusen', 'Leverkusen', 'Deportivo La C…', 'Betis', 'Valencia', 'Real Betis']"
379,Benedikt Höwedes,"['Lokomotiv Moscow', 'Juventus', 'Lokomotiv M', 'Schalke 04 II', 'Schalke 04']"
380,Francesc Fàbregas i Soler,"['Chelsea', 'Monaco', 'Chelsea U23', 'Barcelona', 'Arsenal']"
381,Jardel Nivaldo Vieira,"['Ituano', 'Estoril', 'Benfica II', 'Benfica', 'Olhanense']"
382,Kévin Gameiro,"['Strasbourg', 'Atlético', 'Atletico Madrid', 'PSG', 'Valencia', 'Sevilla', 'Lorient']"
383,Renato  Soares de Oliveira Augusto,"['Leverkusen', 'Bayer Leverkusen', 'Corinthians', 'Flamengo', 'Beijing Guoan']"
384,José Miguel da Rocha Fonte,"['Vitória Setúbal', 'Paços Ferreira', 'Lille', 'West Ham United', 'Setúbal', 'Dalian Pro', 'West Ham', 'Benfica', 'Crystal Palace', 'Southampton', 'Paços de Ferreira', 'Estrela Amadora']"
385,Beñat Etxebarria Urkiaga,"['Athletic Club', 'Conquense', 'Betis', 'Macarthur', 'Real Betis II', 'Real Betis']"
386,Fernando Francisco Reges,"['Vila Nova', 'Porto', 'Galatasaray', 'Sevilla', 'Manchester City', 'Man City', 'Estrela Amadora']"
387,Moussa Sissoko,"['Newcastle', 'Tottenham', 'Newcastle United', 'Tottenham Hotspur', 'Toulouse']"
388,Fernando Muslera,"['Nacional', 'Galatasaray', 'Lazio', 'Wanderers']"
389,Marco Parolo,"['Verona', 'Città di Foligno', 'Como', 'Foligno', 'Lazio', 'Chievo', 'Hellas Verona', 'Cesena', 'Parma', 'Pistoiese']"
390,Dimitri  Payet,"['Lille', 'West Ham United', 'Saint-Etienne', 'Nantes', 'Marseille', 'Saint-Étienne II', 'Saint-Étienne', 'Olympique Mars…', 'West Ham']"
391,Antonio Adán Garrido,"['Real Madrid', 'Betis', 'Atlético', 'Atletico Madrid', 'Cagliari', 'Real Betis']"
392,Nicolas N'Koulou,"['Lyon', 'Monaco', 'Marseille', 'Olympique Mars…', 'Olympique Lyonnais', 'Olympique Lyon…', 'Torino']"
393,Luiz Gustavo Dias,"['Corinthians', 'Bayern München', 'Hoffenheim', 'Fenerbahçe', 'Marseille', 'Olympique Mars…', 'Wolfsburg', 'Bayern Munich', 'CRB']"
394,Sebastian Giovinco,"['Juventus', 'Al Hilal', 'Empoli', 'Hilal', 'Toronto', 'Parma']"
395,Nemanja Matić,"['Chelsea', 'Manchester United', 'Košice', 'Man Utd', 'Benfica', 'Vitesse']"
396,Saúl Marcelo Ardero,[]
397,Daniel García Carrillo,"['Alicante', 'Athletic Club', 'Getafe II', 'Real Sociedad', 'Eibar', 'Getafe']"
398,Jaime Nicolás Frendado,[]
399,Laureano Thomas Santeiro Marre,[]
400,Lucas Vázquez Iglesias,"['Real Madrid', 'Real Madrid II', 'Espanyol']"
401,André Gomes Magalhaes de Almeida,"['Benfica II', 'União Leiria', 'Benfica', 'União de Leiria', 'Belenenses']"
402,Luis Roberto Dálves,[]
403,Marcos Alonso Mendoza,"['Bolton', 'Chelsea', 'Real Madrid', 'Fiorentina', 'Bolton Wanderers', 'Sunderland']"
404,Henrikh Mkhitaryan,"['Roma', 'Pyunik', 'Shakhtar D', 'Dortmund', 'Manchester United', 'Shakhtar Donetsk', 'Metalurh D', 'Man Utd', 'Metalurh Donetsk', 'Borussia Dortmund', 'Arsenal']"
405,Franco Vázquez,"['Vallecano', 'Belgrano', 'Palermo', 'Sevilla', 'Rayo Vallecano']"
406,Segundo Mandíquez,[]
407,Osvaldo Nicolás Fabián Gaitán,"['Braga', 'Lille', 'Chicago', 'Boca Juniors', 'Atlético', 'Dalian Pro', 'Atletico Madrid', 'Benfica II', 'Benfica', 'Chicago Fire']"
408,Alessandro  Florenzi,"['Roma', 'Crotone', 'Valencia', 'PSG']"
409,Eran Zahavi,"['PSV', 'Hapoel TA', 'Maccabi Tel Aviv', 'Hapoel Tel Aviv', 'Palermo', 'Maccabi TA', 'Guangzhou City']"
410,João Félix Sequeira,"['Benfica II', 'Atletico Madrid', 'Benfica', 'Atlético']"
411,Marcos Javier Acuña,"['Racing Club', 'Sporting CP', 'Ferro Carril Oeste', 'Sevilla', 'Ferro']"
412,Nicolò Barella,"['Inter', 'Como', 'Internazionale', 'Cagliari']"
413,Joe Gomez,"['Liverpool', 'Liverpool U23', 'Charlton Athletic', 'Charlton']"
414,Youri Tielemans,"['Anderlecht', 'Leicester City', 'Leicester', 'Monaco']"
415,Mike Maignan,"['PSG', 'Lille II', 'Lille', 'PSG II']"
416,Mattia Caldara,"['Juventus', 'Trapani', 'Milan', 'Atalanta', 'Cesena']"
417,Carlos Soler Barragán,"['Valencia II', 'Valencia']"
418,Krzysztof Piątek,"['Cracovia Kraków', 'Hertha BSC', 'Milan', 'Zagłębie Lubin', 'Genoa', 'Zagłębie', 'Cracovia']"
419,Andreas Christensen,"[""Borussia M'gla…"", 'Chelsea', ""M'gladbach""]"
420,Mario Hermoso Canseco,"['Real Valladolid II', 'Real Madrid', 'Real Valladolid', 'Atlético', 'Valladolid', 'Atletico Madrid', 'Real Madrid II', 'Espanyol']"
421,Óscar Melendo Jiménez,"['Espanyol II', 'Espanyol']"
422,Odisseas Vlachodimos,"['Stuttgart II', 'Stuttgart', 'Panathinaikos', 'Benfica', 'Stuttgart U19']"
423,Héctor Bellerín Moruno,"['Watford', 'Arsenal U23', 'Arsenal']"
424,Ferland Mendy,"['Le Havre', 'Lyon', 'Real Madrid', 'Olympique Lyonnais', 'Le Havre II']"
425,Diogo José Teixeira da Silva,"['Wolverhampton …', 'Paços Ferreira', 'Liverpool', 'Porto', 'Atlético', 'Wolverhampton', 'Paços de Ferreira']"
426,Harry Winks,['Tottenham Hotspur']
427,Dominik Livaković,"['Zagreb', 'Dinamo Zagreb II', 'Dinamo Zagreb']"
428,Rúben Alves Dias,"['Benfica II', 'Manchester City', 'Man City', 'Benfica']"
429,Marcos Llorente Moreno,"['Alavés', 'Real Madrid', 'Atlético', 'Atletico Madrid', 'Real Madrid II', 'Deportivo Alavés']"
430,Maximilian Eggestein,"['Werder Bremen', 'Werder Bremen II', 'Werder Bremen U19']"
431,Benjamin Mendy,"['Le Havre', 'Manchester Cit…', 'Monaco', 'Marseille', 'Olympique Mars…', 'Le Havre II', 'Manchester City', 'Man City']"
432,Tiémoué Bakayoko,"['Chelsea', 'Rennes', 'Monaco', 'Milan', 'Napoli', 'Rennes II']"
433,Santiago Mina Lorenzo,"['Celta Vigo', 'Celta de Vigo II', 'Valencia']"
434,Marcos Paulo Mesquita Lopes,"['Monaco', 'Lille', 'Lille II', 'Monaco II', 'Sevilla', 'Manchester City', 'Man City', 'Nice']"
435,Lorenzo Morón García,"['Vélez', 'Betis', 'Real Betis II', 'Marbella', 'Real Betis']"
436,Keita Baldé,"['Inter', 'Monaco', 'Internazionale', 'Sampdoria', 'Lazio']"
437,Álvaro Odriozola Arzalluz,"['Real Madrid', 'Bayern München', 'Real Sociedad', 'Real Sociedad II', 'Bayern Munich']"
438,Maximiliano Gómez,"['Def. Sporting', 'Celta Vigo', 'Valencia', 'Defensor Sporting']"
439,Nathan Aké,"['AFC Bournemouth', 'Chelsea', 'Watford', 'Bournemouth', 'Manchester City', 'Man City', 'Reading']"
440,Moussa Dembélé,"['Lyon', 'Atlético', 'Celtic', 'Atletico Madrid', 'Olympique Lyonnais', 'Fulham']"
441,Valentin Rongier,"['Nantes II', 'Olympique Mars…', 'Nantes', 'Marseille']"
442,Elseid Hysaj,"['Napoli', 'Empoli']"
443,Leandro Paredes,"['Roma', 'Zenit', 'Empoli', 'Boca Juniors', 'Chievo', 'PSG']"
444,André Filipe Tavares Gomes,"['Benfica II', 'Everton', 'Benfica', 'Valencia', 'Barcelona']"
445,Joaquín Correa,"['Sampdoria', 'Sevilla', 'Estudiantes', 'Lazio']"
446,Alex Oxlade-Chamberlain,"['Liverpool', 'Liverpool U23', 'Arsenal', 'Southampton']"
447,Kurt Happy Zouma,"['Chelsea', 'Stoke City', 'Saint-Etienne', 'Saint-Étienne II', 'Saint-Étienne', 'Everton', 'Chelsea U23', 'Stoke']"
448,Sergi Darder Moll,"['Málaga', 'Olympique Lyonnais', 'Lyon', 'Espanyol']"
449,Ricardo Rodríguez,"['PSV', 'Zürich', 'Milan', 'Wolfsburg', 'Torino']"
450,Julian Weigl,"['1860 München II', 'Dortmund', 'Borussia Dortmund', 'Benfica', '1860 München U19', 'Borussia Dortm…', '1860 München']"
451,Juan Fernando Quintero,"['Porto II', 'Pescara', 'Rennes', 'Shenzhen', 'River Plate', 'Atl. Nacional', 'Porto', 'Independiente …', 'Atlético Nacional', 'Medellín', 'Envigado', 'Rennes II']"
452,José Ángel Gómez Campaña,"['Porto II', 'Nürnberg', 'Alcorcón', 'Sampdoria', 'Sevilla II', 'Levante', 'Porto', 'Crystal Palace', 'Sevilla']"
453,Aïssa Mandi,"['Villarreal', 'Reims', 'Betis', 'Real Betis']"
454,Yeray Álvarez López,"['Athletic Club', 'Athletic Club II']"
455,Juan Bernat Velasco,"['Bayern München', 'Valencia II', 'Valencia', 'PSG', 'Bayern Munich']"
456,Michael Keane,"['Derby County', 'Manchester United', 'Burnley', 'Leicester City', 'Derby', 'Blackburn', 'Blackburn Rovers', 'Man Utd', 'Everton', 'Leicester']"
457,Esteban Andrada,"['Lanús', 'Boca Juniors', 'Arsenal']"
458,Gerard Deulofeu Lázaro,"['Barcelona II', 'Milan', 'Everton', 'Barcelona', 'Sevilla', 'Watford', 'Udinese']"
459,Samuel Castillejo Azuaga,"['Málaga', 'Milan', 'Villarreal']"
460,Manuel Lanzini,"['West Ham Unite…', 'Al Jazira', 'River Plate', 'West Ham United', 'Fluminense', 'West Ham']"
461,Miguel Almirón,"['Cerro Porteño', 'Newcastle', 'Newcastle United', 'Lanús', 'Atlanta United']"
462,Manuel Lazzari,"['SPAL', 'Lazio', 'Giacomense']"
463,Sergi Gómez Solà,"['Sevilla', 'Celta Vigo', 'Barcelona II', 'Barcelona']"
464,Ante Rebić,"['Verona', 'RB Leipzig', 'Milan', 'Eintracht Fran…', 'Hellas Verona', 'Split', 'Fiorentina', 'Leipzig', 'Frankfurt']"
465,Jeroen Zoet,"['PSV', 'PSV II', 'Waalwijk', 'RKC Waalwijk', 'Spezia', 'Utrecht']"
466,Mathew Ryan,"['Club Brugge', 'Central Coast', 'Central Coast …', 'Genk', 'Brighton', 'Brighton & Hov…', 'Valencia', 'Arsenal']"
467,Walter Benítez,"['Quilmes', 'Nice II', 'Nice']"
468,Eric Bailly,"['Manchester Uni…', 'Villarreal', 'Manchester United', 'Man Utd', 'Espanyol', 'Espanyol II']"
469,Martin Hinteregger,"[""Borussia M'gla…"", 'Feldkirchen Kä…', 'Anif', 'Salzburg', 'Eintracht Fran…', ""M'gladbach"", 'Frankfurt', 'Augsburg']"
470,Hans Vanaken,"['Lokeren', 'Club Brugge', 'Lommel']"
471,Íñigo Martínez Berridi,"['Real Sociedad', 'Athletic Club', 'Real Sociedad II']"
472,Pavel Kadeřábek,"['Sparta Praha II', 'Viktoria Žižkov', 'Hoffenheim II', 'Hoffenheim', 'Sparta', 'Sparta Praha']"
473,Josuha Guilavogui,"['Saint-Etienne', 'Atlético', 'Saint-Étienne II', 'Atletico Madrid', 'Wolfsburg', 'Saint-Étienne']"
474,Callum Wilson,"['AFC Bournemouth', 'Newcastle', 'Kettering Town', 'Newcastle United', 'Bournemouth', 'Coventry', 'Coventry City', 'Tamworth']"
475,Manuel Trigueros Muñoz,"['Villarreal II', 'Villarreal']"
476,Cristian Portugués Manzanera,"['Valencia II', 'Albacete', 'Real Sociedad', 'Valencia', 'Girona']"
477,Gabriel Appelt Pires,"['Pescara', 'Juventus', 'Pro Vercelli', 'Leganes', 'Benfica', 'Resende', 'Spezia', 'Livorno']"
478,Marcel Halstenberg,"['RB Leipzig', 'St. Pauli II', 'Dortmund', 'Hannover 96 II', 'Borussia Dortmund', 'Leipzig', 'St. Pauli', 'Borussia Dortm…']"
479,Matija Nastasić,"['Partizan', 'Fiorentina', 'Schalke 04', 'Manchester City', 'Man City', 'Teleoptik']"
480,Davy Klaassen,"['Ajax II', 'Werder Bremen', 'Everton', 'Ajax', 'Everton U23', 'Bremen']"
481,Christoph Kramer,"[""Borussia M'gla…"", 'Bayer Leverkus…', 'Leverkusen', 'Bayer Leverkusen', 'Bochum', ""M'gladbach"", 'Bochum II']"
482,Moanes Dabour,"['Salzburg', 'Hoffenheim', 'Maccabi Tel Aviv', 'Maccabi TA', 'Sevilla', 'Grasshopper']"
483,Matias Vecino,"['Inter', 'Central Español', 'Internazionale', 'Empoli', 'Central Esp.', 'Fiorentina', 'Cagliari', 'Nacional']"
484,Hakan Çalhanoğlu,"['Inter', 'Hamburger SV', 'Bayer Leverkusen', 'Leverkusen', 'Karlsruhe', 'Karlsruher SC U19', 'Milan', 'Hamburg', 'Karlsruher SC']"
485,Martin Dúbravka,"['Esbjerg', 'Newcastle', 'Slovan Liberec', 'Newcastle United', 'Sparta', 'Slovan', 'Žilina', 'Sparta Praha']"
486,Wayne Mark Rooney,[]
487,Joaquín Sánchez Rodríguez,"['Betis', 'Málaga', 'Fiorentina', 'Valencia', 'Real Betis']"
488,Luís Carlos Almeida da Cunha,"['Sporting CP', 'Manchester United', 'Fenerbahçe', 'Man Utd', 'Orlando City', 'Valencia', 'Lazio', 'Orlando']"
489,Marko Dmitrović,"['Alcorcón', 'Charlton', 'Eibar', 'Charlton Athletic', 'Sevilla', 'Újpest']"
490,Miguel Ángel Moyá Rumbo,"['Mallorca', 'Atlético', 'Real Sociedad', 'Atletico Madrid', 'Valencia', 'Getafe']"
491,Benoît Costil,"['Rennes', 'Bordeaux', 'Caen', 'Sedan', 'Vannes']"
492,Diego López Rodríguez,"['Milan', 'Villarreal', 'Real Madrid', 'Espanyol', 'Sevilla']"
493,Igor Akinfeev,['CSKA Moscow']
494,André-Pierre Gignac,"['Tigres UANL', 'Marseille', 'Olympique Mars…', 'Tigres', 'Toulouse', 'Lorient']"
495,Javier Alejandro Mascherano,"['River Plate', 'West Ham United', 'Estudiantes', 'Liverpool', 'Hebei', 'Barcelona', 'Corinthians', 'West Ham']"
496,Tom Heaton,"['Swindon Town', 'Cardiff', 'QPR', 'Wycombe', 'Rochdale', 'Burnley', 'Wycombe Wanderers', 'Bristol City', 'Manchester United', 'Antwerp', 'Aston Villa', 'Man Utd', 'Cardiff City', 'Aston Villa U23', 'Swindon']"
497,Jorge Molina Vidal,"['Elche', 'Ejido', 'Granada', 'Betis', 'Getafe', 'Real Betis']"
498,Erik Lamela,"['Roma', 'Tottenham', 'River Plate', 'Tottenham Hots…', 'Tottenham Hotspur']"
499,Charles Dias De Oliveira,[]
500,Ben Foster,"['West Bromwich …', 'Wrexham', 'Manchester United', 'Kidderminster', 'West Bromwich', 'Bristol City', 'Birmingham City', 'Man Utd', 'Birmingham', 'Watford', 'Stoke']"
501,Steve Mandanda,"['Le Havre', 'Marseille', 'Olympique Mars…', 'Crystal Palace']"
502,Loïc Perrin,"['Saint-Étienne II', 'Saint-Etienne']"
503,Raúl García Escudero,"['Osasuna', 'Atletico Madrid', 'Athletic Club', 'Atlético']"
504,Daniel Wass,"['Fredrikstad', 'Celta Vigo', 'Benfica', 'Valencia', 'Evian TG', 'Brøndby']"
505,Ronaldo  Aparecido Rodrigues,"['Monaco', 'Werder Bremen', 'Juventude', 'Wolfsburg', 'Schalke 04', 'Bremen']"
506,Danny Rose,"['Peterborough U…', 'Tottenham', 'Newcastle', 'Newcastle United', 'Bristol City', 'Tottenham Hotspur', 'Tottenham Hots…', 'Leeds United', 'Leeds', 'Watford', 'Peterborough', 'Sunderland']"
507,Sergio Germán Romero,"['Racing Club', 'Manchester Uni…', 'Monaco', 'Sampdoria', 'Manchester United', 'Man Utd', 'AZ']"
508,Pedro León Sánchez Gil,"['Murcia', 'Real Madrid', 'Real Valladolid', 'Levante', 'Valladolid', 'Eibar', 'Getafe', 'Real Murcia']"
509,Mathieu Valbuena,"['Dinamo Moscow', 'Lyon', 'Dinamo M', 'Olympiakos Piraeus', 'Fenerbahçe', 'Libourne', 'Marseille', 'Olympique Mars…', 'Olympique Lyonnais', 'Olympiakos']"
510,Lars Bender,"['Leverkusen', 'Bayer Leverkus…', '1860 München', 'Bayer Leverkusen']"
511,Marcelo Alfonso Díaz Rojas,"['Racing Club', 'Hamburger SV', 'U. de Chile', 'Celta Vigo', 'Pumas', 'Basel', 'Universidad d…', 'La Serena', 'Pumas UNAM', 'Hamburg', 'Libertad']"
512,Etienne Capoue,"['Tottenham', 'Villarreal', 'Tottenham Hotspur', 'Watford', 'Toulouse']"
513,David Ospina Ramírez,"['Atl. Nacional', 'Napoli', 'Atlético Nacional', 'Nice', 'Arsenal']"
514,Sven Bender,"['Leverkusen', 'Bayer Leverkusen', 'Dortmund', 'Borussia Dortmund', 'Borussia Dortm…', '1860 München']"
515,Kieran Trippier,"['Tottenham', 'Burnley', 'Atlético', 'Barnsley', 'Atletico Madrid', 'Tottenham Hotspur', 'Man City']"
516,長谷 部誠,"['Nürnberg', 'Urawa', 'Eintracht Fran…', 'Wolfsburg', 'Frankfurt', 'Urawa Reds']"
517,Vitorino Gabriel  Pacheco Antunes,"['Dynamo Kyiv', 'Roma', 'Sporting CP', 'Paços Ferreira', 'Leixões', 'Lecce', 'Freamunde', 'Málaga', 'Panionios', 'Getafe', 'Livorno', 'Paços de Ferreira']"
518,Federico Julián Fazio,"['Roma', 'Tottenham', 'Ferro Carril Oeste', 'Tottenham Hotspur', 'Sevilla II', 'Sevilla', 'Ferro']"
519,Diego Perotti,"['Roma', 'Morón', 'Boca Juniors', 'Genoa', 'Fenerbahçe', 'Sevilla II', 'Sevilla']"
520,Yann Gérard M'Vila,"['Rennes', 'Inter', 'Internazionale', 'Rubin Kazan', 'Saint-Etienne', 'Rubin', 'Saint-Étienne', 'Rennes II', 'Olympiakos', 'Sunderland']"
521,Ignacio Piatti,"['Racing Club', 'Montréal', 'Saint-Etienne', 'Lecce', 'San Lorenzo', 'Gimnasia La Plata', 'Independiente', 'Gimn La Plata', 'Saint-Étienne', 'Chacarita', 'San Felipe']"
522,Ralf Fährmann,"['Eintracht Fran…', 'Schalke 04 II', 'Schalke 04', 'Norwich City', 'Norwich', 'Frankfurt', 'Brann']"
523,Fyodor Smolov,"['Lokomotiv Moscow', 'Dinamo Moscow', 'Ural', 'Lokomotiv M', 'Celta Vigo', 'Dinamo M', 'Krasnodar', 'Anzhi', 'Feyenoord']"
524,Lars Stindl,"[""Borussia M'gla…"", 'Hannover 96', 'Karlsruhe', ""M'gladbach"", 'Hannover', 'Karlsruher SC II', 'Karlsruher SC']"
525,Mateo Pablo Musacchio,"['River Plate', 'Milan', 'Villarreal', 'Villarreal II', 'Lazio']"
526,Sidnei Rechel da Silva Júnior,"['La Coruña', 'Deportivo La C…', 'Betis', 'Benfica II', 'Benfica', 'Espanyol', 'Internacional', 'Beşiktaş', 'Real Betis']"
527,Kamil Glik,"['Piast', 'Monaco', 'Piast Gliwice', 'Palermo', 'Benevento', 'Bari', 'Torino']"
528,Steven N'Kemboanza Mike Christopher Nzonzi,"['Roma', 'Rennes', 'Stoke City', 'Blackburn', 'Blackburn Rovers', 'Amiens', 'Galatasaray', 'Sevilla', 'Amiens SC', 'Stoke']"
529,Lucas David Pratto,"['Univ Católica', 'Universidad Ca…', 'River Plate', 'Vélez Sarsfield', 'Atlético Mineiro', 'Boca Juniors', 'Lyn', 'Vélez', 'Genoa', 'Tigre', 'Atl. Mineiro', 'Unión', 'São Paulo', 'Feyenoord']"
530,Sofiane Feghouli,"['West Ham Unite…', 'Grenoble', 'Grenoble Foot 38', 'West Ham United', 'Galatasaray', 'Almería', 'Valencia', 'West Ham']"
531,Kevin Strootman,"['Roma', 'PSV', 'Sparta Rotterdam', 'Sparta', 'Genoa', 'Marseille', 'Olympique Mars…', 'Utrecht']"
532,Eduardo Antonio Salvio,"['Boca Juniors', 'Atlético', 'Lanús', 'Atletico Madrid', 'Benfica']"
533,Chris Smalling,"['Roma', 'Man Utd', 'Fulham', 'Manchester United']"
534,Danijel Subašić,"['Hajduk Split', 'Hajduk', 'Monaco', 'Zadar']"
535,Luis Fernando Muriel Fruto,"['Deportivo Cali', 'Sampdoria', 'Granada', 'Lecce', 'Atalanta', 'Fiorentina', 'Cali', 'Sevilla', 'Udinese']"
536,Sergio Enrich Ametller,"['Mallorca II', 'Recreativo Huelva', 'Huelva', 'Alcorcón', 'Mallorca', 'Numancia', 'Eibar']"
537,Roberto Pereyra,"['Watford', 'Udinese', 'River Plate', 'Juventus']"
538,Kevin Vogt,"['Bochum', 'Köln', 'Hoffenheim', 'Werder Bremen', 'Bochum II', 'Bremen', 'Köln II', 'Augsburg']"
539,Givanildo Vieira de Souza,"['Zenit', 'Shanghai Port', 'Kawasaki Frontale', 'Consadole Sapporo', 'Atlético Mineiro', 'Vitória', 'Kawasaki', 'Porto', 'Consadole', 'Tokyo Verdy', 'Atl. Mineiro']"
540,Simone Verdi,"['Bologna', 'Juve Stabia', 'Empoli', 'Milan', 'Carpi', 'Napoli', 'Eibar', 'Torino']"
541,Francis Coquelin,"['Charlton', 'Villarreal', 'Charlton Athletic', 'Arsenal U23', 'Valencia', 'Freiburg', 'Lorient II', 'Lorient', 'Arsenal']"
542,Faouzi Ghoulam,"['Saint-Étienne II', 'Saint-Etienne', 'Napoli', 'Saint-Étienne']"
543,Ibai Gómez Pérez,"['Alavés', 'Athletic Club', 'Sestao River', 'Athletic Club II', 'Sestao', 'Deportivo Alavés']"
544,Domagoj Vida,"['Dynamo Kyiv', 'Leverkusen', 'Bayer Leverkusen', 'Dinamo Zagreb', 'Osijek', 'Beşiktaş']"
545,Ismaily Gonçalves dos S.,"['Braga', 'Shakhtar D', 'Sporting Braga', 'Shakhtar Donetsk', 'Estoril', 'Olhanense']"
546,Younès Belhanda,"['Dynamo Kyiv', 'Demirspor', 'Montpellier', 'Galatasaray', 'Schalke 04', 'Nice']"
547,Dejan Lovren,"['Zenit', 'Inter', 'Lyon', 'Liverpool', 'Liverpool U23', 'Olympique Lyonnais', 'Olympique Lyon…', 'Dinamo Zagreb', 'Inter Zaprešić', 'Southampton']"
548,Steven Berghuis,"['VVV', 'Twente', 'Watford', 'Feyenoord', 'AZ']"
549,Salif Sané,"['Hannover 96', 'Nancy II', 'Bordeaux', 'Hannover 96 II', 'Hannover', 'Schalke 04', 'Nancy']"
550,Alejandro Pozuelo Melero,"['Swansea', 'Genk', 'Vallecano', 'Betis', 'Real Betis II', 'Toronto', 'Swansea City', 'Rayo Vallecano', 'Real Betis']"
551,Simone Zaza,"['Juventus', 'Juve Stabia', 'West Ham United', 'Viareggio', 'Sampdoria', 'Atalanta', 'Ascoli', 'Valencia', 'West Ham', 'Torino', 'Sassuolo']"
552,Šime Vrsaljko,"['Lokomotiva', 'Inter', 'Internazionale', 'Atlético', 'Genoa', 'Atletico Madrid', 'Dinamo Zagreb', 'Lokomotiva Zagreb', 'Sassuolo']"
553,Raúl Alonso Jiménez Rodríguez,"['Wolverhampton …', 'América', 'Atlético', 'Atletico Madrid', 'Wolverhampton', 'Benfica']"
554,Jonathan Rodríguez Menéndez,"['Sporting Gijón', 'Getafe', 'Osasuna', 'Sporting Gijón II', 'Getafe II', 'Alavés', 'Marino Luanco', 'Marino de Luanco', 'Gijón', 'Málaga', 'Real Avilés', 'Deportivo Alavés', 'Lazio', 'Real Oviedo']"
555,Cristian Tello Herrera,"['Betis', 'Porto', 'Fiorentina', 'Barcelona', 'Barcelona II', 'Real Betis']"
556,Franco Armani,"['River Plate', 'Atl. Nacional', 'Ferro Carril Oeste', 'Merlo', 'Deportivo Merlo', 'Atlético Nacional']"
557,Bernard  Anício Caldeira Duarte,"['Shakhtar D', 'Atlético Mineiro', 'Shakhtar Donetsk', 'Everton', 'Atl. Mineiro']"
558,Welington Kauê Dano Nascimento,[]
559,Iván Marcone,"['Elche', 'Boca Juniors', 'Cruz Azul', 'Lanús', 'Arsenal']"
560,Jorge Ezequiel Serendero,[]
561,Moussa Marega,"['Guimarães', 'Vitoria Guimaraes', 'Tunis', 'Porto', 'Marítimo', 'Hilal', 'Amiens SC', 'Le Poiré sur Vie', 'Le Poiré-sur-V…']"
562,Everton Jorge Andrade Zanon,[]
563,Matías David Baldona,[]
564,Mauro Evidio Nérez,[]
565,Taras Stepanenko,"['Metalurh Zapor…', 'Shakhtar Donetsk', 'Shakhtar D', 'Metalurh Z']"
566,Sander Berge,"['Genk', 'Vålerenga', 'Sheff Utd', 'Sheffield United']"
567,Ibrahima Konaté,"['RB Leipzig', 'RB Leipzig U19', 'Liverpool', 'Sochaux', 'Leipzig', 'Sochaux II']"
568,Aaron Wan-Bissaka,"['Man Utd', 'Manchester United', 'Crystal Palace']"
569,Rodrigo Bentancur Colmán,"['Juventus', 'Boca Juniors']"
570,Lorenzo Pellegrini,"['Roma', 'Sassuolo']"
571,Jaime Mata Arnaiz,"['Rayo Vallecano II', 'Real Valladolid', 'Vallecano', 'Valladolid', 'Girona', 'Getafe', 'Lleida Esportiu', 'Lleida']"
572,Mikel Merino Zazón,"['Osasuna', 'Newcastle', 'Dortmund', 'Newcastle United', 'Real Sociedad', 'Borussia Dortmund']"
573,Alban Lafont,"['Toulouse II', 'Fiorentina', 'Nantes', 'Toulouse']"
574,Cristian David Pavón,"['Talleres de Có…', 'Boca Juniors', 'Colón', 'Talleres', 'LA Galaxy', 'Galaxy']"
575,Roman Zobnin,"['Dinamo Moscow', 'Dinamo M', 'Akademiya Tolyatti', 'Spartak M', 'Spartak Moscow', 'Tolyatti']"
576,Vinícius José de Oliveira Júnior,"['Flamengo', 'Real Madrid', 'Real Madrid II']"
577,Federico Chiesa,"['Juventus', 'Fiorentina']"
578,Lucas Tolentino Coelho de Lima,"['Flamengo', 'Milan', 'Olympique Lyonnais']"
579,Daniel Olmo Carvajal,"['RB Leipzig', 'Dinamo Zagreb II', 'Dinamo Zagreb', 'Leipzig']"
580,Achraf Hakimi Mouh,"['Inter', 'Internazionale', 'Dortmund', 'Real Madrid', 'Borussia Dortmund', 'Real Madrid II', 'PSG']"
581,Allan Saint-Maximin,"['Hannover 96', 'Newcastle', 'Monaco', 'Newcastle United', 'Saint-Etienne', 'Bastia', 'Saint-Étienne II', 'Saint-Étienne', 'Hannover', 'Nice']"
582,Christian Pulisic,"['Chelsea', 'Borussia Dortm…', 'Borussia Dortmund', 'Dortmund']"
583,Diadie Samassékou,"['Liefering', 'Salzburg', 'Hoffenheim']"
584,Thilo Kehrer,"['Schalke 04 U19', 'Schalke 04', 'Schalke 04 II', 'PSG']"
585,Jason Denayer,"['Lyon', 'Celtic', 'Galatasaray', 'Olympique Lyonnais', 'Manchester City', 'Man City', 'Sunderland']"
586,Ruben Loftus-Cheek,"['Chelsea', 'Fulham', 'Chelsea U23', 'Crystal Palace']"
587,Marc Roca Junqué,"['Espanyol II', 'Espanyol', 'Bayern München', 'Bayern Munich']"
588,Dan-Axel Zagadou,"['Borussia Dortm…', 'Borussia Dortmund', 'PSG II']"
589,Franck Yannick Kessié,"['Atalanta', 'Milan', 'Cesena']"
590,Stanislav Lobotka,"['Nordsjælland', 'Ajax II', 'Celta Vigo', 'Napoli', 'Ajax', 'Trenčín']"
591,Viktor Tsygankov,['Dynamo Kyiv']
592,Lukas Klostermann,"['RB Leipzig', 'RB Leipzig U19', 'Bochum', 'Bochum U19', 'Bochum II']"
593,Ben Chilwell,"['Chelsea', 'Huddersfield Town', 'Leicester City U23', 'Leicester City', 'Leicester', 'Huddersfield']"
594,Alexandr Golovin,"['CSKA Moscow', 'CSKA', 'Monaco']"
595,Benjamin Pavard,"['Lille', 'Stuttgart', 'Bayern München', 'Lille II', 'Bayern Munich']"
596,Otávio Edmilson da Silva Monteiro,"['Porto II', 'Guimarães', 'Vitoria Guimaraes', 'Porto', 'Vitória Guimar…', 'Internacional']"
597,Adnan Januzaj,"['Dortmund', 'Manchester United', 'Real Sociedad', 'Man Utd', 'Borussia Dortmund', 'Sunderland U23', 'Sunderland']"
598,Raúl de Tomás Gómez,"['Real Madrid III', 'Real Madrid', 'Real Valladolid', 'Vallecano', 'Córdoba', 'Valladolid', 'Benfica', 'Real Madrid II', 'Espanyol', 'Rayo Vallecano']"
599,Abdou Diallo,"['Zulte-Waregem', 'Monaco', 'Dortmund', 'Mainz 05', 'Borussia Dortmund', 'PSG', 'ZW', 'Monaco II']"
600,Milot Rashica,"['Vushtrria', 'Werder Bremen', 'Norwich', 'Vitesse', 'Bremen']"
601,James  Ward-Prowse,"['Southampton U23', 'Southampton']"
602,Héctor Junior Firpo Adamés,"['Betis', 'Real Betis II', 'Barcelona', 'Leeds', 'Real Betis']"
603,Wesley Moraes Ferreira da Silva,"['Aston Villa', 'Club Brugge', 'Aston Villa U23', 'Trenčín']"
604,Tomáš Souček,"['Slavia Praha', 'Slovan Liberec', 'West Ham United', 'Viktoria Žižkov', 'Slovan', 'Žižkov', 'Slavia', 'West Ham']"
605,Ştefan Daniel Radu,"['Dinamo Bucureşti', 'Dinamo', 'Lazio']"
606,Leandro Trossard,"['Lommel', 'Genk', 'Brighton', 'OHL', 'OH Leuven', 'Brighton & Hov…', 'Westerlo']"
607,James Maddison,"['Leicester City', 'Aberdeen', 'Coventry', 'Coventry City', 'Norwich City', 'Norwich', 'Leicester']"
608,Richarlison de Andrade,"['América MG', 'América Mineiro', 'Fluminense', 'Everton', 'Watford']"
609,Niklas Stark,"['Hertha BSC', 'Nürnberg', 'Nürnberg II', 'Nürnberg U19']"
610,Munir El Haddadi,"['Alavés', 'Barcelona II', 'Valencia', 'Barcelona', 'Sevilla', 'Deportivo Alavés']"
611,José Ángel Esmoris Tasende,"['RB Leipzig', 'Manchester Cit…', 'PSV', 'NAC Breda', 'NYCFC', 'NAC', 'Mallorca', 'New York City', 'Leipzig', 'Girona', 'Manchester City', 'Man City']"
612,André Miguel Valente da Silva,"['Porto II', 'Frankfurt', 'Eintracht Fran…', 'Milan', 'Porto', 'Leipzig', 'Sevilla']"
613,Morgan Sanson,"['Le Mans II', 'Le Mans', 'Montpellier', 'Marseille', 'Aston Villa', 'Olympique Mars…', 'Montpellier II']"
614,Jonathan Castro Otto,"['Wolverhampton …', 'Celta Vigo', 'Atlético', 'Wolverhampton', 'Celta de Vigo II']"
615,Jean-Philippe Gbamin,"['Lens II', 'Everton', 'Mainz 05', 'Lens']"
616,Raphael Dias Belloli,"['Rennes', 'Sporting CP', 'Guimarães', 'Vitoria Guimaraes', 'Leeds United U23', 'Vitória Guimar…', 'Leeds United', 'Leeds', 'Avaí']"
617,中島 翔哉,"['Kataller Toyama', 'Al Ain', 'Toyama', 'Porto', 'Al Duhail', 'Tokyo Verdy', 'Tokyo', 'Portimonense']"
618,Jefferson Andrés Lerma Solís,"['AFC Bournemouth', 'Atlético Huila', 'Bournemouth', 'Levante', 'Huila']"
619,Alex Iwobi,"['Everton', 'Arsenal U23', 'Arsenal']"
620,Leandro Cabrera,"['Recreativo Huelva', 'Huelva', 'Hércules', 'Real Madrid', 'Atlético', 'Defensor Sporting', 'Numancia', 'Atletico Madrid', 'Crotone', 'Real Madrid II', 'Espanyol', 'Getafe', 'Real Zaragoza', 'Zaragoza']"
621,Eric Dier,"['Sporting CP', 'Tottenham', 'Tottenham Hotspur', 'Sporting CP II']"
622,Jeison Fabián Murillo Cerón,"['Inter', 'Internazionale', 'Sampdoria', 'Granada', 'Las Palmas', 'Celta Vigo', 'Cádiz', 'Valencia', 'Barcelona']"
623,James Tarkowski,"['Oldham', 'Burnley', 'Brentford', 'Oldham Athletic']"
624,John Anthony Brooks,"['Hertha BSC', 'Wolfsburg', 'Hertha BSC II']"
625,Ross Barkley,"['Chelsea', 'Sheffield Wedn…', 'Sheff Wed', 'Aston Villa', 'Everton', 'Chelsea U23', 'Leeds United', 'Leeds']"
626,Florian Grillitsch,"['Hoffenheim', 'Werder Bremen', 'Werder Bremen II', 'Bremen', 'Werder Bremen U19']"
627,Loris Karius,"['Liverpool', 'Union Berlin', 'Mainz 05', 'Mainz 05 II', 'Beşiktaş']"
628,Maximilian Arnold,"['Wolfsburg II', 'Wolfsburg', 'Wolfsburg U19']"
629,Ricardo Jorge da Luz Horta,"['Vitória Setúbal', 'Braga', 'Sporting Braga', 'Setúbal', 'Málaga']"
630,Léo Dubois,"['Nantes II', 'Olympique Lyonnais', 'Olympique Lyon…', 'Nantes']"
631,Michy Batshuayi Tunga,"['Chelsea', 'Dortmund', 'Standard Liège', 'Marseille', 'Standard', 'Olympique Mars…', 'Chelsea U23', 'Borussia Dortmund', 'Valencia', 'Crystal Palace']"
632,Ruben Aguilar,"['Grenoble', 'Grenoble Foot 38', 'Monaco', 'Auxerre', 'Montpellier', 'Saint-Étienne II', 'Saint-Étienne', 'Auxerre II']"
633,Nick Pope,"['Welling Utd', 'Charlton', 'Aldershot Town', 'Burnley', 'York', 'Bury', 'Cambridge United', 'Charlton Athletic', 'Welling United', 'York City', 'Aldershot']"
634,Sead Kolašinac,"['Arsenal', 'Schalke 04 II', 'Schalke 04']"
635,Shkodran Mustafi,"['Sampdoria', 'Everton', 'Valencia', 'Schalke 04', 'Arsenal']"
636,Fabian Schär,"['La Coruña', 'Newcastle', 'Wil', 'Newcastle United', 'Newcastle Unit…', 'Deportivo La C…', 'Basel', 'Hoffenheim']"
637,Mariano Díaz Mejía,"['Real Madrid III', 'Badalona', 'Lyon', 'Real Madrid', 'Olympique Lyonnais', 'Real Madrid II']"
638,Ben Davies,"['Swansea', 'Tottenham', 'Tottenham Hotspur', 'Swansea City']"
639,Lucas Alario,"['Leverkusen', 'Colón', 'Bayer Leverkusen', 'River Plate']"
640,Fabián Balbuena,"['West Ham Unite…', 'Rubio Ñú', 'West Ham United', 'Dinamo M', 'Cerro PF', 'Corinthians', 'Nacional', 'West Ham', 'Libertad', 'Cerro Porteño PF']"
641,Germán Alejandro Pezzella,"['Fiorentina', 'Betis', 'River Plate', 'Real Betis']"
642,Mbwana Ally Samatta,"['Mazembe', 'Genk', 'Simba', 'Fenerbahçe', 'Aston Villa']"
643,Willy Boly,"['Braga', 'Wolverhampton …', 'Auxerre', 'Sporting Braga', 'Porto', 'Wolverhampton', 'Auxerre II', 'Sporting Braga II']"
644,Danny  Vieira da Costa,"['Ingolstadt II', 'Bayer Leverkus…', 'Leverkusen', 'Bayer Leverkusen', 'Eintracht Fran…', 'Mainz 05', 'Ingolstadt', 'Frankfurt']"
645,Ruslan Malinovskyi,"['Shakhtar D', 'Sevastopol', 'Sevastopol II', 'Genk', 'Atalanta', 'Shakhtar Donet…', 'Zorya']"
646,Diego Carlos Santos Silva,"['Porto II', 'Estoril', 'Nantes', 'Madureira', 'Porto', 'Sevilla', 'São Paulo', 'Paulista']"
647,Andrey Lunev,"['Zenit', 'Torpedo', 'Istra', 'Torpedo Moskva', 'Saturn', 'Ufa', 'Saturn Ramenskoye', 'Kaluga']"
648,Mamadou Sakho,"['Liverpool', 'Liverpool U23', 'Crystal Palace U23', 'PSG II', 'PSG', 'Crystal Palace']"
649,Haris Seferović,"['Xamax', 'Eintracht Fran…', 'Lecce', 'Real Sociedad', 'Neuchâtel Xamax', 'Fiorentina', 'Benfica', 'Novara', 'Frankfurt', 'Grasshopper']"
650,Serge Aurier,"['Toulouse II', 'Tottenham', 'Lens II', 'PSG II', 'Tottenham Hotspur', 'PSG', 'Lens', 'Toulouse']"
651,Karl Brillant Toko Ekambi,"['Paris FC II', 'Lyon', 'Paris', 'Paris FC', 'Villarreal', 'Olympique Lyonnais', 'Sochaux', 'Angers', 'Angers SCO']"
652,Téji Savanier,"['Arles-Avignon', 'Nîmes', 'Arles-Avignon II', 'Montpellier']"
653,Frederico R. de Paula Santos,"['Shakhtar D', 'Manchester United', 'Shakhtar Donetsk', 'Man Utd', 'Internacional']"
654,Phil Jones,"['Blackburn Rovers', 'Man Utd', 'Manchester United', 'Blackburn']"
655,Joshua King,"[""Borussia M'gla…"", 'AFC Bournemouth', 'Hull City', 'Manchester United', 'Bournemouth', 'Preston North End', 'Blackburn', 'Blackburn Rovers', 'Hull', 'Man Utd', ""M'gladbach"", 'Everton', 'Preston']"
656,Víctor Laguardia Cisneros,"['Alavés', 'Alcorcón', 'Las Palmas', 'Zaragoza', 'Real Zaragoza', 'Deportivo Alavés']"
657,Santiago Arias Naranjo,"['PSV', 'Sporting CP', 'Bayer Leverkusen', 'Leverkusen', 'La Equidad', 'Atlético', 'PSV II', 'Atletico Madrid', 'Equidad', 'Sporting CP II']"
658,Kenny Lala,"['Paris', 'Paris FC', 'Strasbourg', 'Strasbourg II', 'Valenciennes II', 'Lens', 'Valenciennes', 'Olympiakos']"
659,Leonardo Spinazzola,"['Roma', 'Juventus', 'Siena', 'Empoli', 'Perugia', 'Atalanta', 'Virtus Lanciano', 'Vicenza', 'Lanciano']"
660,Daniele Baselli,"['Atalanta', 'Cittadella', 'Torino']"
661,Davide Zappacosta,"['Roma', 'Chelsea', 'Genoa', 'Atalanta', 'Avellino', 'Torino']"
662,Salomon Armand Magloire Kalou,"['Chelsea', 'Lille', 'Hertha BSC', 'Botafogo', 'Excelsior', 'Feyenoord']"
663,武磊,"['Shanghai Port', 'Espanyol']"
664,Borja Valero Iglesias,"['Inter', 'West Bromwich …', 'Internazionale', 'Mallorca', 'Villarreal', 'Real Madrid', 'West Bromwich', 'Fiorentina', 'Real Madrid II']"
665,Mathieu Debuchy,"['Newcastle', 'Lille', 'Newcastle United', 'Saint-Etienne', 'Bordeaux', 'Saint-Étienne', 'Arsenal U23', 'Arsenal']"
666,David Villa Sánchez,"['NYCFC', 'Vissel Kobe', 'Melbourne City', 'Gijón', 'Atlético', 'New York City', 'Atletico Madrid', 'Valencia', 'Barcelona', 'Zaragoza', 'Real Zaragoza']"
667,Leonardo Carrilho Baptistão,"['Rayo Vallecano II', 'Villarreal', 'Vallecano', 'Betis', 'Atlético', 'Atletico Madrid', 'Espanyol', 'Wuhan FC', 'Rayo Vallecano', 'Real Betis']"
668,Burak Yılmaz,"['Manisaspor', 'Guoan', 'Beşiktaş', 'Lille', 'Eskişehirspor', 'Fenerbahçe', 'Antalyaspor', 'Trabzonspor', 'Galatasaray', 'Beijing Guoan']"
669,Joël Veltman,"['Ajax II', 'Brighton', 'Ajax', 'Brighton & Hov…']"
670,Antonio Mirante,"['Roma', 'Bologna', 'Juventus', 'Siena', 'Sampdoria', 'Crotone', 'Parma']"
671,Dante Bonfim da Costa Santos,"[""Borussia M'gla…"", 'Lille', 'Bayern München', 'Sporting Charleroi', 'Charleroi', 'Standard Liège', ""M'gladbach"", 'Standard', 'Wolfsburg', 'Juventude', 'Bayern Munich', 'Nice']"
672,Diego Hernán Váleri,"['Portland Timbers', 'Portland', 'Porto', 'Lanús', 'Argentina', 'Almería']"
673,Domenico Criscito,"['Zenit', 'Juventus', 'Genoa']"
674,Augusto Matías Fernández,"['Vélez Sarsfield', 'River Plate', 'Saint-Etienne', 'Celta Vigo', 'Vélez', 'Beijing Chengfeng', 'Atlético', 'Atletico Madrid', 'Saint-Étienne', 'Cádiz', 'Chengfeng']"
675,Antonio Candreva,"['Ternana', 'Juventus', 'Inter', 'Internazionale', 'Sampdoria', 'Lazio', 'Cesena', 'Livorno', 'Udinese', 'Parma']"
676,Ezequiel Iván Lavezzi,"['Estudiantes', 'Napoli', 'San Lorenzo', 'Hebei', 'PSG']"
677,Martin Škrtel,"['Zenit', 'Istanbul Basak…', 'Liverpool', 'Fenerbahçe', 'Atalanta', 'Başakşehir', 'Trenčín']"
678,Niklas Moisander,"['Zwolle', 'TPS', 'Sampdoria', 'Ajax II', 'PEC Zwolle', 'Werder Bremen', 'Ajax', 'Bremen', 'AZ']"
679,Iván Marcano Sierra,"['Roma', 'Rubin Kazan', 'Villarreal', 'Porto', 'Olympiakos Piraeus', 'Racing Santander', 'Rubin', 'Santander', 'Getafe', 'Olympiakos']"
680,Jonny Evans,"['West Bromwich …', 'Manchester United', 'Leicester City', 'Antwerp', 'West Bromwich', 'Man Utd', 'Leicester', 'Sunderland']"
681,Esteban Félix Granero Molina,"['QPR', 'Real Madrid', 'Real Sociedad', 'Real Madrid II', 'Marbella', 'Espanyol', 'Getafe', 'Queens Park Ra…']"
682,Ignacio Monreal Eraso,"['Real Sociedad', 'Málaga', 'Osasuna', 'Arsenal']"
683,Ruud Vormer,"['Club Brugge', 'Roda JC', 'Roda', 'Feyenoord', 'AZ']"
684,Kevin-Prince Boateng,"['Tottenham', 'Portsmouth', 'Dortmund', 'Las Palmas', 'Hertha BSC', 'Eintracht Fran…', 'Milan', 'Monza', 'Genoa', 'Hertha BSC II', 'Fiorentina', 'Borussia Dortmund', 'Barcelona', 'Schalke 04', 'Tottenham Hotspur', 'Frankfurt', 'Beşiktaş', 'Sassuolo']"
685,Anthony Modeste,"['Tianjin', 'Saint-Etienne', 'Köln', 'Hoffenheim', 'Bastia', 'BordeauxII', 'Blackburn Rovers', 'Bordeaux', 'Saint-Étienne', 'Blackburn', 'Tianjin Tianhai', 'Angers', 'Angers SCO', 'Nice']"
686,Kwadwo Asamoah,"['Inter', 'Juventus', 'Udinese', 'Internazionale']"
687,Nahuel Ignacio Guzmán,"['Tigres UANL', 'Independiente …', 'Independiente', ""Newell's Old Boys"", 'Tigres', 'NOB']"
688,Séamus Coleman,"['Sligo', 'Everton', 'Blackpool', 'Sligo Rovers']"
689,Max-Alain Gradel,"['AFC Bournemouth', 'Saint-Etienne', 'Bournemouth', 'Leicester City', 'Saint-Étienne II', 'Saint-Étienne', 'Leeds United', 'Leicester', 'Leeds', 'Toulouse', 'Sivasspor']"
690,Adam David Lallana,"['Liverpool', 'Brighton', 'Liverpool U23', 'Brighton & Hov…', 'Southampton']"
691,Mariano Ferreira Filho,"['Ipatinga', 'Atlético Mineiro', 'Fluminense', 'Bordeaux', 'Galatasaray', 'Sevilla', 'Atl. Mineiro', 'Cruzeiro']"
692,Ömer Toprak,"['Leverkusen', 'Bayer Leverkusen', 'Dortmund', 'Werder Bremen', 'Borussia Dortmund', 'Freiburg', 'Bremen']"
693,Alex Teixeira dos Santos,"['Vasco da Gama', 'Shakhtar D', 'Jiangsu', 'Shakhtar Donetsk', 'Jiangsu FC', 'Vasco']"
694,Éder Citadin Martins,"['Inter', 'Jiangsu', 'Internazionale', 'Empoli', 'Sampdoria', 'Frosinone', 'Jiangsu FC', 'Cesena', 'São Paulo', 'Brescia']"
695,Sven Ulreich,"['Stuttgart II', 'Hamburger SV', 'Stuttgart', 'Bayern München', 'Bayern Munich', 'Hamburg']"
696,Senad Lulić,"['Grasshopper', 'Young Boys', 'Lazio']"
697,Cristhian Ricardo Stuani Curbelo,"['Middlesbrough', 'Danubio', 'Levante', 'Albacete', 'Racing Santander', 'Santander', 'Reggina', 'Espanyol', 'Girona']"
698,José Salomón Rondón Giménez,"['Zenit', 'West Bromwich …', 'Newcastle', 'Las Palmas', 'Newcastle United', 'Rubin Kazan', 'CSKA', 'West Bromwich', 'CSKA Moscow', 'Dalian Pro', 'Málaga', 'Rubin']"
699,Nikola Kalinić,"['Roma', 'Milan', 'Atlético', 'Blackburn', 'Blackburn Rovers', 'Hajduk Split', 'Atletico Madrid', 'Hajduk', 'Fiorentina', 'Dnipro', 'Šibenik', 'Dnipro Dniprop…']"
700,Yuri Berchiche Izeta,"['Athletic Club', 'Tottenham', 'Cheltenham Town', 'Real Valladolid', 'Cheltenham', 'Real Sociedad', 'Valladolid', 'Eibar', 'PSG', 'Real Unión']"
701,Ángel Luís Rodríguez Díaz,"['Elche', 'Levante', 'Eibar', 'Tenerife', 'Getafe', 'Real Zaragoza', 'Zaragoza']"
702,香川 真司,"['PAOK', 'Dortmund', 'Manchester United', 'Cerezo Osaka', 'Man Utd', 'Borussia Dortmund', 'Cerezo', 'Zaragoza', 'Real Zaragoza', 'Beşiktaş', 'Borussia Dortm…']"
703,Maicon Pereira Roque,"['Porto II', 'Porto', 'Galatasaray', 'Al Nassr', 'Nassr', 'Nacional', 'São Paulo']"
704,Enrique García Martínez,"['Middlesbrough', 'Osasuna', 'Murcia', 'Eibar', 'Real Murcia']"
705,Iago Falqué Silva,"['Roma', 'Juventus', 'Tottenham', 'Villarreal', 'Vallecano', 'Genoa', 'Southampton', 'Tottenham Hotspur', 'Almería', 'Villarreal II', 'Barcelona', 'Benevento', 'Bari', 'Torino', 'Rayo Vallecano']"
706,Sergio Escudero Palomo,"['Murcia', 'Schalke 04 II', 'Real Murcia', 'Schalke 04', 'Getafe', 'Sevilla']"
707,Fabián Orellana,"['Audax', 'Granada', 'Celta Vigo', 'Real Valladolid', 'Xerez', 'Audax Italiano', 'Valladolid', 'Eibar', 'Valencia', 'Udinese']"
708,Vicente Guaita Panadero,"['Recreativo Huelva', 'Huelva', 'Valencia', 'Crystal Palace', 'Getafe']"
709,Jack Wilshere,"['Bolton', 'West Ham Unite…', 'AFC Bournemouth', 'West Ham United', 'Bournemouth', 'Arsenal U23', 'West Ham', 'Bolton Wanderers', 'Arsenal']"
710,José Ángel Valdés Díaz,"['Roma', 'Sporting Gijón', 'Villarreal', 'Gijón', 'Porto', 'Real Sociedad', 'Eibar']"
711,Javier Matías Pastore,"['Roma', 'Huracán', 'Palermo', 'PSG']"
712,Mario Gaspar Pérez Martínez,"['Villarreal II', 'Villarreal']"
713,艾克森,"['Botafogo', 'Vitória', 'Guangzhou FC', 'Shanghai Port']"
714,Andriy Yarmolenko,"['Dynamo Kyiv', 'West Ham Unite…', 'Dortmund', 'West Ham United', 'Borussia Dortmund', 'West Ham']"
715,Wahbi Khazri,"['Rennes', 'Saint-Etienne', 'Bordeaux', 'Bastia', 'Saint-Étienne', 'Sunderland']"
716,Víctor Ruíz Torre,"['Villarreal', 'Napoli', 'Betis', 'Valencia', 'Espanyol', 'Beşiktaş', 'Real Betis']"
717,Nicolas Pallois,"['Laval', 'Bordeaux', 'Niort', 'Nantes', 'BordeauxII', 'Nantes II', 'Valenciennes']"
718,Daniel Caligiuri,"['Wolfsburg', 'Freiburg', 'Schalke 04', 'Freiburg II', 'Augsburg']"
719,Enzo Pérez,"['Estudiantes', 'Valencia', 'River Plate', 'Benfica']"
720,Ishak Belfodil,"['Bologna', 'Inter', 'Lyon', 'Internazionale', 'Hoffenheim', 'Standard Liège', 'Werder Bremen', 'Standard', 'Olympique Lyonnais', 'Olympique Lyon…', 'Bani Yas', 'Livorno', 'Parma', 'Bremen']"
721,Iago Herrerín Buisán,"['Atlético Madrid II', 'Athletic Club', 'Leganes', 'Atlético', 'Numancia']"
722,Carlos Arturo Bacca Ahumada,"['Club Brugge', 'Barranquilla', 'Milan', 'Villarreal', 'Sevilla', 'Junior']"
723,Milan Badelj,"['Hamburger SV', 'Genoa', 'Dinamo Zagreb', 'Fiorentina', 'Hamburg', 'Lazio']"
724,Anton Ciprian Tătărușanu,"['Lyon', 'Nantes', 'Gloria Bistriţa', 'Olympique Lyonnais', 'Fiorentina', 'FCSB']"
725,Danilo Luiz da Silva,"['Juventus', 'América Mineiro', 'Real Madrid', 'Santos', 'Porto', 'Manchester City', 'Man City']"
726,Mário Rui Silva Duarte,"['Roma', 'Fátima', 'Empoli', 'Gubbio', 'Napoli', 'Benfica', 'Spezia']"
727,Andreas Samaris,"['Panionios', 'Benfica', 'Olympiakos Piraeus', 'Olympiakos']"
728,Abderrazak Hamdallah,"['Rayyan', 'Al Rayyan', 'Al Nassr', 'Nassr', 'El Jaish', 'Guangzhou City', 'Aalesund', 'Jaish']"
729,乾 貴士,"['Alavés', 'Bochum', 'Eintracht Fran…', 'Betis', 'Cerezo Osaka', 'Eibar', 'Cerezo', 'Frankfurt', 'Deportivo Alavés', 'Real Betis']"
730,Rubén Peña Jiménez,"['Leganes', 'Real Valladolid', 'Villarreal', 'Guijuelo', 'Valladolid', 'Eibar']"
731,Jonas Hector,"['Köln', 'Köln II']"
732,Roque Mesa Quevedo,"['Swansea', 'Leganes', 'Las Palmas', 'Real Valladolid', 'Baleares', 'Swansea City', 'Sevilla', 'Las Palmas II', 'Atlético Baleares']"
733,Damián Nicolás Suárez Suárez,"['Sporting Gijón', 'Elche', 'Gijón', 'Defensor Sporting', 'Def. Sporting', 'Getafe']"
734,Víctor Machín Pérez,"['Las Palmas', 'Sevilla', 'Atletico Madrid', 'Atlético']"
735,Denis Cheryshev,"['Real Madrid', 'Villarreal', 'Real Madrid II', 'Valencia', 'Sevilla']"
736,Francisco das Chagas Soares dos Santos,"['Pelotas', 'Guimarães', 'Vitoria Guimaraes', 'Treze', 'Cerâmica', 'Tianjin', 'Porto', 'Veranópolis', 'América RN', 'Tianjin Tigers', 'Nacional', 'Olympiakos']"
737,Melvin Luan Parrela Porfírio,[]
738,Dyego Wilverson Ferreira Sousa,"['Braga', 'Leixões', 'Sporting Braga', 'Famalicão', 'Marítimo', 'Tondela', 'Interclube', 'Benfica', 'Shenzhen', 'Marítimo II', 'Portimonense']"
739,Darío Benedetto,"['Def y Justicia', 'Boca Juniors', 'América', 'Defensa y Justicia', 'Marseille', 'Tijuana', 'Olympique Mars…', 'Gimnasia Jujuy', 'Gimn Jujuy', 'Arsenal']"
740,Leonardo Sigali,"['Racing Club', 'Dinamo Zagreb II', 'Godoy Cruz', 'Lanús', 'Dinamo Zagreb']"
741,José Luís Mendes Andrade,"['Fehérvár', 'Lokomotiv Moscow', 'Braga', 'Gil Vicente', 'Sporting Braga', 'Lokomotiv M', 'Porto', 'Spartak M', 'Spartak Moscow', 'Sporting Braga II']"
742,Enzo Martín Riquero,[]
743,Petros Matheus dos Santos Araujo,"['Boa', 'Penapolense', 'Betis', 'Al Nassr', 'Nassr', 'Corinthians', 'Fluminense de …', 'São Paulo', 'Real Betis']"
744,Raúl Michel Melo da Silva,"['Braga', 'Arapongas', 'Sporting Braga', 'Sport Recife', 'Ceará', 'Marítimo', 'Criciúma', 'Paysandu', 'Figueirense']"
745,Maikel Renan Catarino Fagundes,[]
746,Bernard Gabriel Prestão Chaves,[]
747,A. Benjamin Chiamuloira Paes,[]
748,Declan Rice,"['West Ham Unite…', 'West Ham United']"
749,Rubén Alcaraz Jiménez,"['Real Valladolid', 'Gramenet', 'Valladolid', 'Almería', ""L'Hospitalet"", 'Prat', 'Girona']"
750,Luan Vágner Boas Macedo,[]
751,Daniel Martín Lenzado,[]
752,Florian Neuhaus,"[""Borussia M'gla…"", '1860 München II', 'Düsseldorf', 'Fortuna Dusseldorf', ""M'gladbach"", '1860 München U19', '1860 München']"
753,Leandro Miguel Sáreda,[]
754,Enzo Manuel Aguerro,[]
755,Alex Meret,"['SPAL', 'Udinese', 'Napoli']"
756,Ismaïla Sarr,"['Metz', 'Watford', 'Rennes']"
757,Matías Zaracho,"['Racing Club', 'Atlético Mineiro', 'Atl. Mineiro']"
758,Issa Diop,"['Toulouse II', 'West Ham', 'Toulouse', 'West Ham United']"
759,Joachim Andersen,"['Twente II', 'Lyon', 'Sampdoria', 'Olympique Lyonnais', 'Twente', 'Fulham']"
760,Denis Lemi Zakaria Lako Lado,"[""Borussia M'gla…"", ""M'gladbach"", 'Young Boys', 'Servette']"
761,Henry Onyekuru,"['AS Eupen', 'Monaco', 'Eupen', 'Galatasaray', 'Everton', 'Anderlecht']"
762,Francisco Reis Ferreira,"['Benfica II', 'Benfica', 'Valencia']"
763,Cengiz Ünder,"['Roma', 'Istanbul Basak…', 'Leicester City', 'Altınordu', 'Marseille', 'Başakşehir', 'Leicester']"
764,Nanitamo Jonathan Ikoné,"['Lille', 'PSG II', 'Montpellier', 'PSG', 'Montpellier II']"
765,Nadiem Amiri,"['Leverkusen', 'Bayer Leverkusen', 'Hoffenheim II', 'Hoffenheim', 'Hoffenheim U19']"
766,Martin Ødegaard,"['Strømsgodset', 'Heerenveen', 'Real Madrid', 'Real Sociedad', 'Real Madrid II', 'Vitesse', 'Arsenal']"
767,Jean-Philippe Mateta,"['Le Havre', 'Lyon', 'Châteauroux', 'Mainz 05', 'Crystal Palace U23', 'Olympique Lyonnais', 'Olympique Lyon…', 'Châteauroux II', 'Crystal Palace']"
768,Jonathan Bamba,"['Sint-Truiden', 'Paris', 'Lille', 'Paris FC', 'Saint-Etienne', 'Saint-Étienne II', 'Saint-Étienne', 'Angers', 'Angers SCO', 'Angers SCO II']"
769,Mahmoud Dahoud,"[""Borussia M'gla…"", 'Dortmund', ""M'gladbach"", ""Borussia M'bac…"", 'Borussia Dortmund']"
770,Bryan Cristante,"['Roma', 'Pescara', 'Milan', 'Atalanta', 'Palermo', 'Benfica']"
771,Leander Dendoncker,"['Anderlecht', 'Wolverhampton', 'Wolverhampton …']"
772,Oleksandr Zinchenko,"['PSV', 'Shakhtar D', 'Ufa', 'PSV II', 'Manchester City', 'Man City']"
773,Okay Yokuşlu,"['West Bromwich …', 'Kayserispor', 'Celta Vigo', 'West Bromwich', 'Trabzonspor', 'Kayseri', 'Altay']"
774,Georgiy Dzhikiya,"['Lokomotiv Moscow', 'Amkar', 'Amkar Perm', ""Spartak Nal'chik"", 'Lokomotiv M', 'Spartak M', 'Spartak', 'Spartak Moscow', 'Lokomotiv-2', 'Khimik', 'Khimik Dzerzhinsk']"
775,Nico Elvedi,"[""Borussia M'gla…"", 'Zürich', ""M'gladbach""]"
776,Gaëtan  Laborde,"['Bordeaux', 'BordeauxII', 'Montpellier', 'Clermont', 'Brest', 'Red Star']"
777,Daniel Castelo Podence,"['Sporting CP', 'Wolverhampton …', 'Moreirense', 'Olympiakos Piraeus', 'Wolverhampton', 'Olympiakos', 'Sporting CP II']"
778,Aarón Martín Caricol,"['Espanyol II', 'Celta Vigo', 'Mainz 05', 'Espanyol']"
779,Nemanja Maksimović,"['Getafe', 'Astana', 'Domžale', 'Valencia']"
780,Erick Pulgar,"['Bologna', 'Univ Católica', 'Universidad Ca…', 'Antofagasta', 'Deportivo Anto…', 'Fiorentina']"
781,Óliver Torres Muñoz,"['Atlético Madrid II', 'Villarreal', 'Porto', 'Atlético', 'Atletico Madrid', 'Sevilla']"
782,Rodrigo Javier De Paul,"['Racing Club', 'Udinese', 'Valencia']"
783,Fernando Calero Villa,"['Valladolid', 'Real Valladolid', 'Real Valladolid II', 'Espanyol']"
784,Davie Selke,"['RB Leipzig', 'Hertha BSC', 'Werder Bremen', 'Werder Bremen II', 'Leipzig', 'Hoffenheim U19', 'Bremen', 'Werder Bremen U19']"
785,Baptiste Santamaria,"['Tours II', 'Tours', 'Freiburg', 'Angers', 'Angers SCO']"
786,Wílmar Enrique Barrios Terán,"['Dep. Tolima', 'Zenit', 'Boca Juniors', 'Deportes Tolima']"
787,Joelinton Apolinário de Lira,"['Newcastle', 'Newcastle United', 'Sport Recife', 'Hoffenheim', 'Rapid', 'Rapid Wien', 'Sport']"
788,Mario Lemina,"['Juventus', 'Marseille', 'Lorient II', 'Galatasaray', 'Olympique Mars…', 'Southampton', 'Fulham', 'Lorient']"
789,Jack Butland,"['Derby County', 'Stoke City', 'Cheltenham Town', 'Stoke City U23', 'Derby', 'Crystal Palace U23', 'Barnsley', 'Cheltenham', 'Birmingham City', 'Birmingham', 'Leeds United', 'Crystal Palace', 'Leeds', 'Stoke']"
790,Lucas Tousart,"['Lyon', 'Hertha BSC', 'Valenciennes II', 'Olympique Lyonnais', 'Olympique Lyon…', 'Valenciennes']"
791,Enis Bardhi,"['Levante', 'Újpest']"
792,Rúben Miguel Nunes Vezo,"['Vitória Setúbal', 'Granada', 'Setúbal', 'Levante', 'Valencia']"
793,Divock Origi,"['Lille', 'Liverpool', 'Lille II', 'Liverpool U23', 'Wolfsburg']"
794,Aleksey Miranchuk,"['Atalanta', 'Lokomotiv Moscow', 'Lokomotiv M']"
795,Juan Musso,"['Racing Club', 'Udinese']"
796,Yerry Mina,"['Deportivo Pasto', 'Palmeiras', 'Independiente …', 'Santa Fe', 'Everton', 'Barcelona', 'Pasto']"
797,Yusuf Yazıcı,"['Trabzonspor', 'Lille']"
798,Joan Jordán Moreno,"['Real Valladolid', 'Valladolid', 'Eibar', 'Espanyol', 'Sevilla', 'Espanyol II']"
799,Michael Gregoritsch,"['Kapfenberger SV II', 'Hamburger SV', 'St. Pauli II', 'Bochum', 'Hoffenheim II', 'Hoffenheim', 'Kapfenberg', 'Kapfenberger SV', 'Schalke 04', 'St. Pauli', 'Hamburg', 'Augsburg']"
