player,teams,player_id,player_name,player_pics
,"[' Brazil', ' São Paulo']",21570,14 Rogério Ceni,https://cdn.sofifa.com/players/021/570/14_60.png
,"[' Sandhausen', ' VfL Bochum 1848', ' Wacker Burghausen', ' Osnabrück']",199339,M. Riemann,https://cdn.sofifa.com/players/199/339/22_60.png
,"[' FC Bayern München', ' Schalke 04', ' Germany', ' Schalke 04 II']",167495,M. Neuer,https://cdn.sofifa.com/players/167/495/22_60.png
,"[' Darlington 1883', ' Sunderland', ' Preston North End', ' Bradford City', ' Burton Albion', ' England', ' England U21', ' Carlisle United', ' Everton', ' Alfreton Town']",204935,J. Pickford,https://cdn.sofifa.com/players/204/935/22_60.png
,"[' Elche', ' Girona', ' Rayo Vallecano', ' Fulham', ' Southampton', ' Gillingham', ' Tottenham Hotspur']",205186,P. Gazzaniga,https://cdn.sofifa.com/players/205/186/22_60.png
,"[' Argentina', ' Reading', ' Arsenal U23', ' Getafe', ' Wolverhampton Wanderers', ' Arsenal', ' Rotherham United', ' Aston Villa', ' Sheffield Wednesday']",202811,E. Martínez,https://cdn.sofifa.com/players/202/811/22_60.png
,"[' France U21', ' PSG II', ' France', ' Lille II', ' Paris SG U19', ' Milan', ' Lille']",215698,M. Maignan,https://cdn.sofifa.com/players/215/698/22_60.png
,"[' Barcelona U19', ' Jong Ajax', ' Inter', ' Cameroon', ' Ajax']",226753,21 A. Onana,https://cdn.sofifa.com/players/226/753/21_60.png
,"[' Argentina', ' Paris Saint Germain', ' FC Barcelona']",158023,L. Messi,https://cdn.sofifa.com/players/158/023/22_60.png
,"[' Benfica II', ' Manchester City', ' Benfica', ' Rio Ave', ' Brazil', ' Arsenal', ' Ribeirao']",210257,Ederson,https://cdn.sofifa.com/players/210/257/22_60.png
,"[' Spain U21', ' Manchester United', ' Spain U23', ' Atlético Madrid', ' Spain']",193080,De Gea,https://cdn.sofifa.com/players/193/080/22_60.png
,"[' Borussia Mönchengladbach', ' Germany', ' Sevilla', ' FC Barcelona', "" Borussia M'gladbach II""]",192448,M. ter Stegen,https://cdn.sofifa.com/players/192/448/22_60.png
,"[' Vélez Sarsfield', ' Instituto', ' Atlético Rafaela', ' Gimnasia Jujuy', ' OKC Energy']",224348,L. Hoyos,https://cdn.sofifa.com/players/224/348/22_60.png
,"[' Wa All Stars', ' Ghana', ' Maritzburg United', ' Orlando Pirates']",257439,R. Ofori,https://cdn.sofifa.com/players/257/439/22_60.png
,"[' Argentina', ' Tigres UANL', ' Atlas', ' Independiente Rivadavia', "" Newell's Old Boys""]",176919,N. Guzmán,https://cdn.sofifa.com/players/176/919/22_60.png
,"[' União de Leiria', ' Olimpija', ' Slovenia', ' Benfica', ' Rio Ave', ' Atlético Madrid']",200389,J. Oblak,https://cdn.sofifa.com/players/200/389/22_60.png
,"["" Newell's Old Boys"", ' Defensa y Justicia']",222511,E. Unsain,https://cdn.sofifa.com/players/222/511/22_60.png
,"[' Internacional', ' Roma', ' Brazil', ' Liverpool']",212831,Alisson,https://cdn.sofifa.com/players/212/831/22_60.png
,"[' Galatasaray', ' CS Uruguay de Coronado', ' Uruguay', ' Lazio']",182494,F. Muslera,https://cdn.sofifa.com/players/182/494/22_60.png
,"[' Italy', ' Milan', ' Italy U21', ' Paris Saint Germain']",230621,G. Donnarumma,https://cdn.sofifa.com/players/230/621/22_60.png
,"[' Arminia Bielefeld II', ' 1860 München', ' Manchester City', ' DSC Arminia Bielefeld', ' 1860 München II']",200159,S. Ortega,https://cdn.sofifa.com/players/200/159/22_60.png
,"[' Recreativo Huelva', ' Getafe', ' Crystal Palace', ' Valencia']",189690,Guaita,https://cdn.sofifa.com/players/189/690/22_60.png
,"[' Portugal', ' Olympique Lyonnais', ' Olympique Lyonnais II']",199482,A. Lopes,https://cdn.sofifa.com/players/199/482/22_60.png
,"[' Nice', ' France', ' Olympique Lyonnais', ' Tottenham Hotspur']",167948,H. Lloris,https://cdn.sofifa.com/players/167/948/22_60.png
,"[' Argentina', ' Green Gully', ' Celta de Vigo', ' Porto', ' América', ' Santos Laguna', ' Lanús']",201095,A. Marchesín,https://cdn.sofifa.com/players/201/095/22_60.png
,"[' Stuttgart II', ' Bayer 04 Leverkusen', ' Fulham', ' Germany U21', ' Germany', ' Arsenal']",192563,B. Leno,https://cdn.sofifa.com/players/192/563/22_60.png
,[],230318,Nelsildo Reis,https://cdn.sofifa.com/players/230/318/22_60.png
,"[' Portugal', ' Roma', ' Sporting CP', ' Wolverhampton Wanderers']",178005,Rui Patrício,https://cdn.sofifa.com/players/178/005/22_60.png
,"[' Notts County', ' Nice', ' Leicester City', ' Manchester City', ' Denmark', ' Leeds United']",163587,K. Schmeichel,https://cdn.sofifa.com/players/163/587/22_60.png
,"[' Cruzeiro', ' Fluminense']",135339,14 Fábio,https://cdn.sofifa.com/players/135/339/14_60.png
,"[' France', ' Paris Saint Germain', ' Bastia', ' Lille']",3813,14 M. Landreau,https://cdn.sofifa.com/players/003/813/14_60.png
,"[' Basel', ' Switzerland', ' Montpellier II', ' Le Mont', ' Auda', ' Luzern', ' Montpellier']",223550,J. Omlin,https://cdn.sofifa.com/players/223/550/22_60.png
,"[' Basel', ' Borussia Mönchengladbach', ' Switzerland', ' Vaduz', ' Grasshopper']",177683,Y. Sommer,https://cdn.sofifa.com/players/177/683/22_60.png
,"[' Nordsjælland', ' Bastia', ' Lyngby', ' AGF', ' Denmark', ' Evian TG', ' Bastia II', ' Midtjylland']",132740,J. Hansen,https://cdn.sofifa.com/players/132/740/22_60.png
,"[' Spain U21', ' Espanyol', ' Olympique Marseille', ' Espanyol II', ' Real Betis', ' Spain', ' Roma']",221087,Pau López,https://cdn.sofifa.com/players/221/087/22_60.png
,"[' Athletic Club II', ' Osasuna', ' Numancia', ' Barakaldo', ' Levante', ' Villarreal II']",193314,Aitor,https://cdn.sofifa.com/players/193/314/22_60.png
,"[' PSV', ' United States W', ' Twente II', ' Netherlands U21', ' FC Twente', ' Netherlands']",228279,J. Drommel,https://cdn.sofifa.com/players/228/279/22_60.png
,"[' Tigres UANL', ' Toluca', ' Atlas', ' Juárez', ' Mexico', ' Mexico U23', ' Pumas UNAM']",156433,A. Talavera,https://cdn.sofifa.com/players/156/433/22_60.png
,"[' Ludogorets II', ' Rad Beograd', ' Radnički Niš', ' Vaslui', ' Sivasspor', ' Crvena Zvezda', ' Čadca', ' Korona Kielce', ' Ludogorets', ' Mačva Šabac', ' Canada']",205211,M. Borjan,https://cdn.sofifa.com/players/205/211/22_60.png
,"[' Nacional', ' Wanderers', ' Juventud', ' Godoy Cruz', ' Vélez Sarsfield', ' Chiapas', ' Colón', ' Deportes Tolima']",176526,L. Burián,https://cdn.sofifa.com/players/176/526/22_60.png
,"[' Osa', ' Chippa United', ' Croatia', ' Zagreb', ' Dinamo Zagreb', ' Dinamo Zagreb II', ' Croatia U21']",241671,D. Livaković,https://cdn.sofifa.com/players/241/671/22_60.png
,"[' Celta de Vigo', ' FC Barcelona']",110082,14 Pinto,https://cdn.sofifa.com/players/110/082/14_60.png
,"[' Stoke City', ' AFC Telford United', ' Stoke City U23', ' Accrington Stanley', ' Lincoln City', ' England U19', ' England U21', ' Stoke City U21', ' Doncaster Rovers']",240784,J. Bursik,https://cdn.sofifa.com/players/240/784/22_60.png
,"[' Real Madrid', ' Sporting CP', ' Atlético Madrid', ' Cagliari', ' Real Betis']",178086,Adán,https://cdn.sofifa.com/players/178/086/22_60.png
,"[' Gimnasia Jujuy', ' Banfield', ' Atlético Tucumán']",156483,C. Lucchetti,https://cdn.sofifa.com/players/156/483/22_60.png
,"[' Atlético Madrid', ' Genk', ' Belgium', ' Real Madrid', ' Chelsea']",192119,T. Courtois,https://cdn.sofifa.com/players/192/119/22_60.png
,"[' Villarreal', ' Osasuna', ' Granada', ' Porto', ' Huesca']",146296,Andrés Fernández,https://cdn.sofifa.com/players/146/296/22_60.png
,"[' Turkey', ' 1461 Trabzon', ' Turkey U21', ' Trabzonspor']",226300,U. Çakır,https://cdn.sofifa.com/players/226/300/22_60.png
,"[' Yeni Malatyaspor', ' Defensores Belgrano VR', ' Talleres Córdoba']",215251,G. Herrera,https://cdn.sofifa.com/players/215/251/22_60.png
,"[' Basel', ' Sparta Praha', ' Viktoria Žižkov', ' Olympiakos Piraeus', ' Progress / AFA Olaine', ' Czech Republic', ' Vítkovice', ' Sevilla', ' FC Barcelona']",204120,T. Vaclík,https://cdn.sofifa.com/players/204/120/22_60.png
,"[' Australia', ' Reading', ' Stoke City U23', ' Stoke City', ' Macarthur', ' AFC Bournemouth', ' Southend United']",164853,A. Federici,https://cdn.sofifa.com/players/164/853/22_60.png
,"[' FC Bayern München', ' Villarreal', ' Lazio', ' Liverpool', ' Milan', ' Spain', ' Aston Villa', ' Napoli']",24630,Pepe Reina,https://cdn.sofifa.com/players/024/630/22_60.png
,"[' Juventus', ' Brentford', ' Arsenal', ' Roma', ' Poland']",186153,W. Szczęsny,https://cdn.sofifa.com/players/186/153/22_60.png
,"[' Elche', ' FC Cartagena', ' Espanyol', ' Leeds United U21', ' Leeds United', ' Leeds U23', ' Real Madrid', ' Getafe', ' Cádiz']",177644,Kiko Casilla,https://cdn.sofifa.com/players/177/644/22_60.png
,"[' Corinthians', ' Brazil', ' PSV', ' Sparta Rotterdam']",167958,14 Cássio,https://cdn.sofifa.com/players/167/958/14_60.png
,"[' Argentina', ' Villarreal', ' Argentina U23', ' Real Sociedad', ' Estudiantes', ' Montpellier']",215316,G. Rulli,https://cdn.sofifa.com/players/215/316/22_60.png
,"[' Hoffenheim II', ' Werder Bremen', ' VfL Wolfsburg', ' Belgium U21', ' Belgium', ' TSG Hoffenheim']",192984,K. Casteels,https://cdn.sofifa.com/players/192/984/22_60.png
,"[' Elche', ' Girona', ' Córdoba', ' Rayo Vallecano', ' Lugo', ' Hércules', ' Rayo Vallecano II']",194730,Juan Carlos,https://cdn.sofifa.com/players/194/730/22_60.png
,"[' Nacional', ' Panama', ' Unión Española', ' Fénix']",202089,L. Mejía,https://cdn.sofifa.com/players/202/089/22_60.png
,"[' Torino', ' Standard Liège', ' Ascoli', ' Lechia Gdańsk', ' Vojvodina', ' SPAL', ' Serbia', ' Serbia U21']",224836,V. Milinković-Savić,https://cdn.sofifa.com/players/224/836/22_60.png
,"[' Detva', ' Maccabi Haifa', ' Ergotelis', ' Partizan', ' Sporting CP', ' Getafe', ' Nottingham Forest', ' Wigan Athletic', ' Al Feiha', ' Serbia', ' Nantes']",167993,V. Stojković,https://cdn.sofifa.com/players/167/993/22_60.png
,"[' Villarreal', ' Spain U21', ' Sporting Gijón', ' Levante', ' Real Valladolid', ' Villarreal II']",199493,Diego Mariño,https://cdn.sofifa.com/players/199/493/22_60.png
,"[' Real Madrid III', ' Spain U21', ' Deportivo Alavés', ' Real Madrid II', ' Almería', ' Real Madrid']",209960,Pacheco,https://cdn.sofifa.com/players/209/960/22_60.png
,"[' Olimpo', ' Racing Club', ' Defensa y Justicia', ' Chile', ' Unión La Calera']",223249,G. Arias,https://cdn.sofifa.com/players/223/249/22_60.png
,"[' Cardiff City', ' Scotland', ' Rangers', ' Hull City', ' Beşiktaş']",49000,A. McGregor,https://cdn.sofifa.com/players/049/000/22_60.png
,"[' Tranmere Rovers', ' Hungary', ' RB Leipzig', ' Hereford United', ' RB Leipzig II', ' Salzburg', ' Hull City']",185122,P. Gulácsi,https://cdn.sofifa.com/players/185/122/22_60.png
,"[' Brentford', ' Southport', ' Blackburn Rovers', ' Spain', ' Blackburn Rovers U23']",220901,David Raya,https://cdn.sofifa.com/players/220/901/22_60.png
,"[' Winterthur', ' Switzerland', ' Young Boys']",219244,D. von Ballmoos,https://cdn.sofifa.com/players/219/244/22_60.png
,"[' Estudiantes', ' Antofagasta', ' Boca Juniors', ' Defensa y Justicia', ' Chacarita Juniors', ' Lanús']",227275,A. Rossi,https://cdn.sofifa.com/players/227/275/22_60.png
,"[' Villarreal', ' Mioveni', ' SD Eibar', ' Isernia', ' Zamora Fútbol Club', ' Lugo', ' Poggibonsi', ' Osasuna II', ' Rayo Majadahonda', ' Villarreal II']",219637,Cantero,https://cdn.sofifa.com/players/219/637/22_60.png
,"[' Trapani', ' Palermo', ' Reggina', ' Universitatea Craiova', ' Pro Vercelli', ' Pescara', ' Frosinone']",205530,M. Pigliacelli,https://cdn.sofifa.com/players/205/530/22_60.png
,"[' RKC Waalwijk', ' PSV', ' FC Utrecht', ' Jong PSV', ' Netherlands U21', ' Netherlands', ' Spezia']",190778,J. Zoet,https://cdn.sofifa.com/players/190/778/22_60.png
,"[' Independiente', ' Mazatlán', ' Morelia', ' Peñarol', ' Vélez Sarsfield', ' Boca Juniors', ' Rosario Central', ' Uruguay']",205409,S. Sosa,https://cdn.sofifa.com/players/205/409/22_60.png
,"[' Real Sociedad', ' Huesca', ' Athletic Club II', ' Levante']",227127,Álex Remiro,https://cdn.sofifa.com/players/227/127/22_60.png
,"[' Japan', ' Urawa Reds', ' Sanfrecce Hiroshima', ' Oita Trinita']",217646,S. Nishikawa,https://cdn.sofifa.com/players/217/646/22_60.png
,"[' Udinese', ' Treviso', ' Inter', ' Slovenia']",162835,S. Handanovič,https://cdn.sofifa.com/players/162/835/22_60.png
,"[' Sunderland', ' Sint-Truiden', ' Club Brugge', ' Liverpool', ' Belgium']",173426,S. Mignolet,https://cdn.sofifa.com/players/173/426/22_60.png
,"[' Santiago Wanderers', ' Huachipato', ' Colchagua', ' Chile']",219941,G. Castellón,https://cdn.sofifa.com/players/219/941/22_60.png
,"[' Gaziantep F.K.', ' Göztepe', ' Adanaspor', ' Stuttgarter Kickers', ' Beşiktaş']",211908,G. Güvenç,https://cdn.sofifa.com/players/211/908/22_60.png
,"[' Nice', ' Nice II', ' PSV', ' Quilmes']",215223,W. Benítez,https://cdn.sofifa.com/players/215/223/22_60.png
,"[' Argentina', ' Pribram U21', ' Monterrey', ' Arsenal de Sarandi', ' Boca Juniors', ' Asteras Vlachioti', ' Lanús']",205849,E. Andrada,https://cdn.sofifa.com/players/205/849/22_60.png
,"[' Spain U21', ' Athletic Club II', ' Athletic Club', ' Spain U23', ' Spain', ' Manfredonia']",230869,Unai Simón,https://cdn.sofifa.com/players/230/869/22_60.png
,"[' Atlas', ' Colombia', ' Deportivo Cali', ' Atlético Nacional', ' Santa Fe', ' Meteor Praha']",212067,C. Vargas,https://cdn.sofifa.com/players/212/067/22_60.png
,"[' Atlas', ' Mazatlán', ' Delfines', ' Querétaro', ' Toros Neza', ' Correcaminos UAT', ' Tijuana', ' Mineros de Zacatecas', ' Pumas UNAM', ' Merida']",169321,21 M. Fraga,https://cdn.sofifa.com/players/169/321/21_60.png
,"[' Anderlecht', ' Sint-Truiden', ' AS Eupen']",204308,H. Van Crombrugge,https://cdn.sofifa.com/players/204/308/22_60.png
,"[' Aldershot Town', ' Bury', ' Charlton Athletic', ' Welling United', ' England', ' Cambridge United', ' York City', ' Burnley', ' Newcastle United']",203841,N. Pope,https://cdn.sofifa.com/players/203/841/22_60.png
,"[' Austria Wien', ' Reims', ' Austria Wien II', ' Austria']",228505,P. Pentz,https://cdn.sofifa.com/players/228/505/22_60.png
,"[' Independiente', ' Racing', ' Cerro Largo', ' Al Batin', ' Defensor Sporting', ' Uruguay U23', ' Uruguay']",225647,M. Campaña,https://cdn.sofifa.com/players/225/647/22_60.png
,"[' Sevilla II', ' Sevilla', ' Getafe']",223952,David Soria,https://cdn.sofifa.com/players/223/952/22_60.png
,"[' Sandhausen', ' Darmstadt 98', ' Hansa Rostock', ' Köln II']",209987,M. Schuhen,https://cdn.sofifa.com/players/209/987/22_60.png
,"[' Excelsior', ' Suriname', ' Anderlecht', ' FC Dordrecht', ' Netherlands U21', ' SC Heerenveen', ' PEC Zwolle', ' IFK Göteborg', ' Go Ahead Eagles']",222900,W. Hahn,https://cdn.sofifa.com/players/222/900/22_60.png
,"[' Netherlands', ' Manchester United']",51539,11 E. van der Sar,https://cdn.sofifa.com/players/051/539/11_60.png
,"[' Konyaspor', ' Nordsjælland', ' Brage', ' Sweden', ' AIK', ' Sweden U21', ' Randers']",216750,P. Carlgren,https://cdn.sofifa.com/players/216/750/22_60.png
,"[' Málaga', ' Melilla', ' Numancia', ' Hatayspor', ' Al Wahda', ' Morocco']",223573,Munir,https://cdn.sofifa.com/players/223/573/22_60.png
,"[' Málaga', ' Espanyol', ' Deportivo Alavés', ' Olympiakos Piraeus', ' Real Zaragoza', ' Benfica', ' West Ham United', ' Atlético Madrid', ' Real Valladolid']",183666,Roberto,https://cdn.sofifa.com/players/183/666/22_60.png
,"[' Columbus Crew', ' PSV', ' Jong PSV', ' Curacao', ' Vitesse', ' Go Ahead Eagles']",189084,E. Room,https://cdn.sofifa.com/players/189/084/22_60.png
,[],230182,Lucas Mantela,https://cdn.sofifa.com/players/230/182/22_60.png
,"[' Italy', ' Parma', ' Paris Saint Germain', ' Juventus']",1179,G. Buffon,https://cdn.sofifa.com/players/001/179/22_60.png
,"[' SC Freiburg', ' Germany U21', ' Freiburg II', ' Germany', ' TSG Hoffenheim']",193698,O. Baumann,https://cdn.sofifa.com/players/193/698/22_60.png
,"[' Port Vale', ' Scunthorpe United', ' Cardiff City', ' Bradford City', ' St. Mirren', ' Blackpool', ' Rangers', ' Gateshead', ' Newcastle United']",204354,J. Alnwick,https://cdn.sofifa.com/players/204/354/22_60.png
,"[' Villarreal', ' Junior', ' CS Uruguay de Coronado', ' Larissa']",161663,S. Viera,https://cdn.sofifa.com/players/161/663/22_60.png
,"[' Sparta Rotterdam', ' Germany U21', ' FSV Mainz 05', ' Paderborn', ' Mainz 05 II']",229692,J. Huth,https://cdn.sofifa.com/players/229/692/22_60.png
,"[' Legia Warszawa', ' West Ham United', ' Arsenal', ' Swansea City', ' Poland']",164835,L. Fabiański,https://cdn.sofifa.com/players/164/835/22_60.png
,"[' KR', ' Lillestrøm', ' Norway', ' Rosenborg', ' Odd']",190459,A. Hansen,https://cdn.sofifa.com/players/190/459/22_60.png
,"[' Stuttgart II', ' Greece', ' Benfica', ' Panathinaikos', ' VfB Stuttgart']",211990,O. Vlachodimos,https://cdn.sofifa.com/players/211/990/22_60.png
,"[' Leganés', ' Sevilla II', ' Mirandés', ' Huesca', ' Alcorcón']",194934,Dani Jiménez,https://cdn.sofifa.com/players/194/934/22_60.png
,"[' Columbia Floridsdorf', ' Wiener Neustadt', ' Admira', ' Austria', ' Würzburger Kickers', ' Sturm Graz']",193277,J. Siebenhandl,https://cdn.sofifa.com/players/193/277/22_60.png
,"[' Universidad Chile', ' Chile', ' Audax Italiano', ' Everton']",174542,20 J. Herrera,https://cdn.sofifa.com/players/174/542/20_60.png
,"[' Standard Liège', ' Málaga', ' Granada', ' Mexico', ' Ajaccio', ' Mexico U23', ' América']",140233,G. Ochoa,https://cdn.sofifa.com/players/140/233/22_60.png
,"[' Montreal Impact', ' Los Angeles FC', ' Ottawa Fury', ' Vancouver Whitecaps', ' Canada', ' Canada U20', ' FC Montreal']",213536,M. Crépeau,https://cdn.sofifa.com/players/213/536/22_60.png
,"[' Como', ' CFR Cluj', ' Kasımpaşa', ' APOEL', ' Udinese', ' Spezia']",220048,S. Scuffet,https://cdn.sofifa.com/players/220/048/22_60.png
,"[' Genk', ' Netherlands U21', ' FC Groningen', ' Brest', ' SC Cambuur', ' AZ', ' Netherlands']",200110,M. Bizot,https://cdn.sofifa.com/players/200/110/22_60.png
,"[' Hajduk Split', ' Croatia', ' Monaco']",192593,D. Subašić,https://cdn.sofifa.com/players/192/593/22_60.png
,"[' Girona', ' Real Zaragoza', ' Atlético Madrid II', ' Sevilla', ' Morocco']",209981,Y. Bounou,https://cdn.sofifa.com/players/209/981/22_60.png
,"[' Aberdeen', ' Cardiff City', ' Fulham', ' Blackpool', ' Peterborough United']",156253,J. Lewis,https://cdn.sofifa.com/players/156/253/22_60.png
,"[' Vyškov', ' Slovan Liberec', ' Salford City', ' St. Mirren', ' Zbrojovka Brno', ' Ipswich Town']",202617,V. Hladký,https://cdn.sofifa.com/players/202/617/22_60.png
,"[' Burnley', ' Northern Ireland U21', ' Northern Ireland', ' Leeds United', ' York City', ' Sheffield Wednesday']",229091,B. Peacock-Farrell,https://cdn.sofifa.com/players/229/091/22_60.png
,"[' Örebro', ' Sweden', ' Gent', ' Al Fateh', ' AaB', ' Forward']",221584,J. Rinne,https://cdn.sofifa.com/players/221/584/22_60.png
,"[' Aldershot Town', ' Yeovil Town', ' Reading', ' Southampton U23', ' Brentford', ' Southampton', ' Southampton U21', ' Queens Park Rangers', ' Crystal Palace', ' Ipswich Town']",189324,A. McCarthy,https://cdn.sofifa.com/players/189/324/22_60.png
,"[' Atlético Zacatepec', ' Toluca', ' Deportivo Tepic']",211033,L. García,https://cdn.sofifa.com/players/211/033/22_60.png
,"[' Brighton U21', ' Jong Ajax', ' Brighton U23', ' Carlisle United', ' Brighton & Hove Albion', ' Newcastle United', ' AZ', ' Netherlands', ' Norwich City']",170597,T. Krul,https://cdn.sofifa.com/players/170/597/22_60.png
,"[' Scunthorpe United', ' Manchester United', ' Yeovil Town', ' Preston North End', ' Walsall', ' England', ' West Bromwich Albion', ' Crystal Palace', ' Aston Villa', ' Doncaster Rovers', ' England U20']",206075,S. Johnstone,https://cdn.sofifa.com/players/206/075/22_60.png
,"[' China PR', ' Shanghai SIPG']",224599,Yan Junling,https://cdn.sofifa.com/players/224/599/22_60.png
,"[' Manchester United', ' Preston North End', ' OB', ' Helsingborg', ' Denmark', ' Burnley', ' Aalesund']",135043,21 A. Lindegaard,https://cdn.sofifa.com/players/135/043/21_60.png
,"[' CSKA Moskva', ' Russia']",148119,I. Akinfeev,https://cdn.sofifa.com/players/148/119/22_60.png
,"[' Republic of Ireland', ' Sunderland', ' Queens Park Rangers', ' Coventry City', ' Sheffield Wednesday']",172939,21 K. Westwood,https://cdn.sofifa.com/players/172/939/21_60.png
,"[' Italy', ' Torino', ' Ancona', ' Palermo', ' Paris Saint Germain', ' Genoa', ' Sevilla', ' Napoli']",168435,S. Sirigu,https://cdn.sofifa.com/players/168/435/22_60.png
,"[' Egypt U23', ' Haras El Hodood', ' Egypt', ' Al Ahly', ' El Geish']",228182,21 M. El Shenawy,https://cdn.sofifa.com/players/228/182/21_60.png
,"[' Sporting Braga', ' América Mineiro']",208104,Matheus,https://cdn.sofifa.com/players/208/104/22_60.png
,"[' Salernitana', ' Rennes', ' Avellino', ' Cesena', ' SPAL', ' Crotone', ' Senegal', ' Dijon', ' Bologna']",201976,A. Gomis,https://cdn.sofifa.com/players/201/976/22_60.png
,"[' Aris', ' Sport Recife', ' São Paulo', ' Gil Vicente', ' Figueirense']",182087,21 Denis,https://cdn.sofifa.com/players/182/087/21_60.png
,"[' Sutton United', ' Reading', ' Melbourne City', ' Accrington Stanley', ' Oldham Athletic', ' Western Sydney Wanderers']",181468,D. Bouzanis,https://cdn.sofifa.com/players/181/468/22_60.png
,"[' Galatasaray', ' Standard Liège', ' Nacional', ' Westerlo', ' Club Brugge', ' Porto II', ' Gent', ' Kayserispor', ' Turkey', ' Sheffield United', ' Arouca', ' Antwerp']",162220,S. Bolat,https://cdn.sofifa.com/players/162/220/22_60.png
,"[' Belgrano', ' Lanús']",220624,L. Acosta,https://cdn.sofifa.com/players/220/624/22_60.png
,"[' Eintracht Frankfurt', ' Germany U21', ' Kaiserslautern', ' Paris Saint Germain', ' Germany', ' Kaiserslautern II']",188943,K. Trapp,https://cdn.sofifa.com/players/188/943/22_60.png
,"[' Sporting KC', ' Charleston Battery', ' Chivas USA', ' Rochester Rhinos']",200463,T. Melia,https://cdn.sofifa.com/players/200/463/22_60.png
,"[' Chicago Fire', ' United States', ' New York City']",190780,S. Johnson,https://cdn.sofifa.com/players/190/780/22_60.png
,"[' Chievo', ' Reggiana', ' Hellas Verona', ' Modena', ' Padova', ' Leeds United', ' Cagliari', ' Udinese']",190745,M. Silvestri,https://cdn.sofifa.com/players/190/745/22_60.png
,"[' AZ', ' Denmark U21', ' Denmark', ' Nordsjælland']",231237,P. Jensen,https://cdn.sofifa.com/players/231/237/22_60.png
,"[' FC Cartagena', ' Málaga', ' Paphos', ' EN Parekklisias', ' Gimnàstic Tarragona', ' Levante', ' Mallorca']",173178,Manolo Reina,https://cdn.sofifa.com/players/173/178/22_60.png
,"[' Veracruz', ' Juan Aurich', ' Orlando City', ' Peru', ' Universidad San Martín', ' Alianza Lima']",225701,P. Gallese,https://cdn.sofifa.com/players/225/701/22_60.png
,"[' Odd II', ' Norway', ' Vålerenga II', ' Odd', ' Norway U21', ' Vålerenga']",213729,S. Rossbach,https://cdn.sofifa.com/players/213/729/22_60.png
,"[' France U21', ' France U20', ' Toulouse II', ' France', ' Fiorentina', ' Toulouse', ' Nantes']",231691,A. Lafont,https://cdn.sofifa.com/players/231/691/22_60.png
,"[' Colorado Rapids II', ' Monori SE', ' Houston Leones', ' Colorado Rapids', ' León']",186998,W. Yarbrough,https://cdn.sofifa.com/players/186/998/22_60.png
,"[' Brighton U21', ' Rochdale', ' Forest Green Rovers', ' Brighton U23', ' Brighton & Hove Albion', ' Spain']",228789,Robert Sanchéz,https://cdn.sofifa.com/players/228/789/22_60.png
,"[' Standard Liège', ' Manchester United', ' Middlesbrough', ' Spain', ' FC Barcelona']",106573,17 Victor Valdés,https://cdn.sofifa.com/players/106/573/17_60.png
,"[' Feyenoord', ' Feyenoord U19', ' Fortuna Sittard', ' Netherlands U21', ' Sochi', ' Netherlands']",232229,J. Bijlow,https://cdn.sofifa.com/players/232/229/22_60.png
,"[' Anderlecht', ' Gent', ' Lierse', ' Strasbourg', ' Belgium', ' Newcastle United']",199641,M. Sels,https://cdn.sofifa.com/players/199/641/22_60.png
,"[' Leganés', ' Al Raed', ' Athletic Club', ' Numancia', ' Atlético Madrid II', ' Valencia']",193152,Herrerín,https://cdn.sofifa.com/players/193/152/22_60.png
,"[' China PR', ' Jiangsu Suning', ' Hangzhou']",222342,21 Gu Chao,https://cdn.sofifa.com/players/222/342/21_60.png
,"[' Jagiellonia Białystok', ' Empoli', ' Fiorentina', ' Poland U21', ' Poland', ' Spezia']",215502,B. Drągowski,https://cdn.sofifa.com/players/215/502/22_60.png
,"[' Aris', ' Panionios', ' Greece', ' Ferroviária U20', ' Panathinaikos', ' Greece U21']",207683,S. Dioudis,https://cdn.sofifa.com/players/207/683/22_60.png
,"[' Saudi Arabia', ' Al Ahli Jeddah', ' Al Hilal']",210140,A. Al Mayoof,https://cdn.sofifa.com/players/210/140/22_60.png
,"[' Bayonne', ' Royal Excel Mouscron', ' Lille II', ' Metz', ' Strasbourg', ' Algeria']",176772,A. Oukidja,https://cdn.sofifa.com/players/176/772/22_60.png
,"[' Marítimo', ' Portugal', ' Porto II', ' Olympiakos Piraeus', ' Portugal U20', ' Porto', ' Wolverhampton Wanderers', ' Marítimo II', ' Portugal U21']",212442,José Sá,https://cdn.sofifa.com/players/212/442/22_60.png
,"[' Torino', ' Birmingham City', ' England', ' Manchester City', ' West Ham United', ' Burnley', ' Tottenham Hotspur', ' Celtic']",150724,J. Hart,https://cdn.sofifa.com/players/150/724/22_60.png
,"[' Guaraní', ' Paraguay', ' Olimpia']",228231,A. Aguilar,https://cdn.sofifa.com/players/228/231/22_60.png
,"[' Nacional', ' Porto', ' Olhanense', ' Arouca', ' Panaitolikos', ' Boavista']",178571,Bracali,https://cdn.sofifa.com/players/178/571/22_60.png
,"[' Sporting Braga', ' Belenenses', ' Krasnodar', ' Rio Ave', ' Zenit', ' Gil Vicente', ' Krasnodar II', ' Sporting Braga II']",213150,S. Kritsyuk,https://cdn.sofifa.com/players/213/150/22_60.png
,"[' Benevento', ' Italy', ' Italy U21', ' Brescia', ' Virtus Lanciano', ' Cagliari', ' Monza']",205659,A. Cragno,https://cdn.sofifa.com/players/205/659/22_60.png
,"[' København', ' Anorthosis', ' Anderlecht', ' Gent', ' Blackburn Rovers', ' Kortrijk', ' Beerschot', ' Belgium U21', ' Belgium']",188400,T. Kaminski,https://cdn.sofifa.com/players/188/400/22_60.png
,[],230165,Simão Donatinho,https://cdn.sofifa.com/players/230/165/22_60.png
,"[' Braintree Town', ' Brentford', ' Southend United', ' Bristol City']",198350,D. Bentley,https://cdn.sofifa.com/players/198/350/22_60.png
,"[' Leganés', ' Girona', ' Real Sociedad', ' Recreativo Huelva', ' Osasuna', ' SD Eibar']",110974,Riesgo,https://cdn.sofifa.com/players/110/974/22_60.png
,"[' Brommapojkarna', ' Sweden', ' AIK', ' Gençlerbirliği', ' Swansea City', ' SC Heerenveen']",192129,K. Nordfeldt,https://cdn.sofifa.com/players/192/129/22_60.png
,"[' Udinese', ' Racing Club', ' Argentina', ' Atalanta']",214979,J. Musso,https://cdn.sofifa.com/players/214/979/22_60.png
,"[' Shrewsbury Town', ' Charlton Athletic', ' Walsall', ' Harrogate Town', ' Portsmouth', ' Zadar']",223727,C. MacGillivray,https://cdn.sofifa.com/players/223/727/22_60.png
,"[' Málaga', ' Córdoba', ' Estoril', ' Porto', ' Rio Ave', ' Wisła Kraków', ' Roda JC Kerkrade', ' Vitória FC']",148526,P. Kieszek,https://cdn.sofifa.com/players/148/526/22_60.png
,"[' UCAM Murcia', ' Real Murcia', ' Almería']",205288,Fernando,https://cdn.sofifa.com/players/205/288/22_60.png
,"[' Monterrey', ' Mexico', ' Puebla', ' Necaxa', ' América']",186990,H. González,https://cdn.sofifa.com/players/186/990/22_60.png
,"["" Newell's Old Boys"", ' Vélez Sarsfield']",215123,A. Aguerre,https://cdn.sofifa.com/players/215/123/22_60.png
,"[' Memphis 901', ' Manchester United', ' Colorado Rapids', ' Everton', ' United States']",16254,20 T. Howard,https://cdn.sofifa.com/players/016/254/20_60.png
,"[' Pisa', ' Hansa Rostock', ' RB Leipzig', ' Heracles Almelo', ' Dynamo Dresden', "" Borussia M'gladbach II""]",204092,J. Blaswich,https://cdn.sofifa.com/players/204/092/22_60.png
,"[' Chemnitzer FC', ' Hertha BSC II', ' Karlsruher SC', ' Hertha BSC', ' Osnabrück']",213573,M. Gersbeck,https://cdn.sofifa.com/players/213/573/22_60.png
,"[' Pachuca', ' Godoy Cruz', ' PAOK', ' Gimnasia La Plata']",215069,R. Rey,https://cdn.sofifa.com/players/215/069/22_60.png
,"[' Antwerp', ' Royal Excel Mouscron', ' Lille II']",225149,J. Butez,https://cdn.sofifa.com/players/225/149/22_60.png
,"[' Shinnik', ' Lokomotiv Moskva', ' Russia']",180714,Guilherme,https://cdn.sofifa.com/players/180/714/22_60.png
,"[' South Africa U23', ' Mamelodi Sundowns', ' South Africa', ' SuperSport United']",213615,21 R. Williams,https://cdn.sofifa.com/players/213/615/21_60.png
,"[' Göztepe', ' Portugal', ' Sporting Braga', ' Sporting CP', ' CFR Cluj', ' Porto', ' Leixões', ' Sevilla', ' HIFK', ' Farense']",182629,21 Beto,https://cdn.sofifa.com/players/182/629/21_60.png
,"[' Novohrad Lučenec', ' Ukraine', ' Shakhtar Donetsk']",142902,A. Pyatov,https://cdn.sofifa.com/players/142/902/22_60.png
,[],245294,21 J. Serendero,https://cdn.sofifa.com/players/245/294/21_60.png
,"[' Strømsgodset', ' Rosenborg', ' Ghana', ' Brøndby', ' Portland Timbers', ' Vålerenga']",165564,20 A. Kwarasey,https://cdn.sofifa.com/players/165/564/20_60.png
,"[' FC Köln', ' Germany U23', ' Köln II']",200316,T. Horn,https://cdn.sofifa.com/players/200/316/22_60.png
,[' Erzgebirge Aue'],182520,M. Männel,https://cdn.sofifa.com/players/182/520/22_60.png
,"[' Hartlepool United', ' Dundee United', ' Bury', ' Sunderland', ' Brentford', ' Lincoln City', ' St. Mirren', ' Northern Ireland', ' Motherwell', ' Morecambe', ' Portsmouth', ' Cheltenham Town', ' Chesterfield']",166764,T. Carson,https://cdn.sofifa.com/players/166/764/22_60.png
,"[' Nacional', ' Portugal', ' Granada', ' Real Betis', ' Portugal U21']",210385,Rui Silva,https://cdn.sofifa.com/players/210/385/22_60.png
,"[' Russia', ' Dinamo Moskva']",167575,A. Shunin,https://cdn.sofifa.com/players/167/575/22_60.png
,"[' Holstein Kiel', ' FSV Mainz 05', ' Mainz 05 II']",224251,R. Zentner,https://cdn.sofifa.com/players/224/251/22_60.png
,"[' Sassuolo', ' Atalanta']",163489,A. Consigli,https://cdn.sofifa.com/players/163/489/22_60.png
,"[' Bury', ' Kilmarnock', ' Ross County', ' Wrexham', ' Watford', ' Austria', ' Austria U21']",209532,D. Bachmann,https://cdn.sofifa.com/players/209/532/22_60.png
,"[' Al Raed', ' Astra', ' Kayserispor', ' Universitatea Craiova', ' Astra Giurgiu', ' Romania']",205942,S. Lung,https://cdn.sofifa.com/players/205/942/22_60.png
,"[' Independiente del Valle', ' Olimpia', ' River Plate']",228232,D. Azcona,https://cdn.sofifa.com/players/228/232/22_60.png
,"[' VVV-Venlo', ' Eskişehirspor', ' MVV Maastricht', ' Antalyaspor', ' West Ham United']",178283,R. Boffin,https://cdn.sofifa.com/players/178/283/22_60.png
,"[' Bury', ' Reading', ' West Bromwich Albion U23', ' Watford', ' West Bromwich Albion', ' England U21', ' Forest Green Rovers', ' Dagenham & Redbridge', ' West Brom U21', ' Gillingham', ' Peterborough United', ' LA Galaxy']",197928,J. Bond,https://cdn.sofifa.com/players/197/928/22_60.png
,"[' İstanbulspor', ' Fenerbahçe', ' Bentleigh Greens', ' Kayserispor', ' Turkey', ' İstanbul Başakşehir', ' Manisaspor']",188524,V. Babacan,https://cdn.sofifa.com/players/188/524/22_60.png
,"[' Portimonense', ' Anápolis', ' Água Santa']",227819,Samuel Portugal,https://cdn.sofifa.com/players/227/819/22_60.png
,"[' Feyenoord', ' RKC Waalwijk', ' Jong Ajax', ' Vitesse', ' Willem II', ' PEC Zwolle', ' Ajax']",199568,K. Lamprou,https://cdn.sofifa.com/players/199/568/22_60.png
,"[' Palmeiras', ' Oeste', ' Portuguesa', ' América RN', ' Brazil  U23', ' Botafogo SP', ' Brazil', ' Athletico PR']",186555,16 Weverton,https://cdn.sofifa.com/players/186/555/16_60.png
,"[' Argentina U23', ' Rosario Central', ' Cádiz']",219522,J. Ledesma,https://cdn.sofifa.com/players/219/522/22_60.png
,"[' Deportivo Alavés', ' Universidad Católica', ' Celta de Vigo', ' Antofagasta', ' Celta de Vigo II', ' Guillermo Brown', ' Douglas Haig', ' Bolívar', ' CNI']",207935,M. Dituro,https://cdn.sofifa.com/players/207/935/22_60.png
,"[' Caen II', ' Le Havre II', ' Caen', ' Nancy II', ' Olympique Marseille', ' Nancy', ' Lens', ' Nottingham Forest', ' Olympique Marseille II']",204883,B. Samba,https://cdn.sofifa.com/players/204/883/22_60.png
,"[' Panthrakikos', ' Olympiakos Piraeus', ' PAS Giannina', ' Greece', ' Levadiakos', ' PAOK']",240493,A. Paschalakis,https://cdn.sofifa.com/players/240/493/22_60.png
,"[' SV Horn II', ' Tokyo', ' Japan', ' Portimonense', ' Shimizu S-Pulse', ' Sagan Tosu', ' Japan U23']",217649,S. Gonda,https://cdn.sofifa.com/players/217/649/22_60.png
,"[' Feyenoord', ' Excelsior', ' SC Heerenveen', ' Swansea City', ' Go Ahead Eagles']",183567,E. Mulder,https://cdn.sofifa.com/players/183/567/22_60.png
,[],230168,Raphaelinho Anjos,https://cdn.sofifa.com/players/230/168/22_60.png
,"[' Villarreal', ' Espanyol', ' Rayo Vallecano', ' Milan', ' Real Madrid']",146748,Diego López,https://cdn.sofifa.com/players/146/748/22_60.png
,"[' Bastia', ' Valenciennes II', ' Lens', ' Ajaccio', ' Valenciennes', ' Bastia II']",153275,J. Leca,https://cdn.sofifa.com/players/153/275/22_60.png
,"[' Colombia', ' Deportes Tolima', ' Millonarios']",229541,A. Montero,https://cdn.sofifa.com/players/229/541/22_60.png
,"[' Rayo Vallecano', ' North Macedonia', ' Gimnàstic Tarragona', ' Granada II', ' Rabotnicki']",211348,S. Dimitrievski,https://cdn.sofifa.com/players/211/348/22_60.png
,"[' Bath City', ' Eastleigh', ' Reading', ' Hamilton Academical U21', ' Bassano Virtus', ' Reading U23', ' Northern Ireland', ' Hamilton Academical']",235027,L. Southwood,https://cdn.sofifa.com/players/235/027/22_60.png
,"[' Chippa United', ' Croatia', ' Luton Town', ' Rijeka', ' Lokomotiva Zagreb', ' Ludogorets', ' Pomorac']",206065,S. Sluga,https://cdn.sofifa.com/players/206/065/22_60.png
,"[' AZ', ' Nacional', ' Sivasspor', ' Uruguay']",223690,S. Rochet,https://cdn.sofifa.com/players/223/690/22_60.png
,"[' Finland', ' Eintracht Frankfurt', ' Bayer 04 Leverkusen', ' Brøndby', ' Esbjerg']",190941,L. Hrádecký,https://cdn.sofifa.com/players/190/941/22_60.png
,"[' Grêmio', ' Atlético Mineiro', ' Brazil']",186789,16 Victor,https://cdn.sofifa.com/players/186/789/16_60.png
,"[' FC Bayern München', ' Germany']",488,08 O. Kahn,https://cdn.sofifa.com/players/000/488/08_60.png
,"[' Royal Excel Mouscron', ' Belenenses', ' Lille II', ' Sporting Charleroi', ' ASEC Mimosas', ' Lille', ' Burkina Faso']",239342,H. Koffi,https://cdn.sofifa.com/players/239/342/22_60.png
,"[' Auxerre II', ' French Guiana', ' Brest', ' Brest II', ' Auxerre']",205377,D. Léon,https://cdn.sofifa.com/players/205/377/22_60.png
,"[' Sandhausen', ' Rot-Weiß Oberhausen', ' Drochtersen / Assel', ' Rot Weiss Ahlen', ' Viktoria Köln', ' Osnabrück']",208719,P. Kühn,https://cdn.sofifa.com/players/208/719/22_60.png
,"[' Slovan Liberec', ' Varnsdorf', ' Czech Republic', ' Slavia Praha']",244467,O. Kolář,https://cdn.sofifa.com/players/244/467/22_60.png
,"[' Boca Juniors', ' Huracán', ' Gimnasia Jujuy', ' Colón', ' Talleres Córdoba']",226379,M. Díaz,https://cdn.sofifa.com/players/226/379/22_60.png
,"[' Wellington Phoenix', ' Bristol City', ' Ismaning', ' Vancouver Whitecaps', ' Hapoel Tel Aviv', ' Unterhaching', ' Wehen Wiesbaden II', ' New Zealand', ' Wehen Wiesbaden', ' Hapoel Nazareth Illit', ' 1860 München II']",231056,S. Marinović,https://cdn.sofifa.com/players/231/056/22_60.png
,"[' FC Bayern München', ' Monaco', ' Germany U21', ' Schalke 04', ' Schalke 04 II']",223885,A. Nübel,https://cdn.sofifa.com/players/223/885/22_60.png
,"[' Colombia', ' Al Nassr', ' Nice', ' Arsenal', ' Napoli']",176550,D. Ospina,https://cdn.sofifa.com/players/176/550/22_60.png
,[' Cambridge United'],225280,D. Mitov,https://cdn.sofifa.com/players/225/280/22_60.png
,"[' Plaza Colonia', ' Querétaro', ' Cerro Largo', ' Peñarol']",253847,W. Aguerre,https://cdn.sofifa.com/players/253/847/22_60.png
,"[' Hapoel Kfar Saba', ' Bnei Yehuda', ' Bodø / Glimt', ' Russia']",222389,N. Haikin,https://cdn.sofifa.com/players/222/389/22_60.png
,"[' La Equidad', ' Colombia U23', ' Boyacá Chicó', ' Atlético Nacional', ' San Antonio', ' Al Feiha']",214582,C. Bonilla,https://cdn.sofifa.com/players/214/582/22_60.png
,"[' Mexico', ' Mexico U23', ' Cruz Azul', ' Estudiantes Tecos', ' Santos Laguna']",156412,J. Corona,https://cdn.sofifa.com/players/156/412/22_60.png
,"[' France U21', ' France U20', ' Leeds United', ' Lorient', ' France U19', ' Lorient II']",242656,I. Meslier,https://cdn.sofifa.com/players/242/656/22_60.png
,"[' København', ' Malmö FF', ' Sweden', ' Sheffield United', ' Everton', ' Cagliari', ' Roma', ' Aston Villa', ' PAOK']",207557,R. Olsen,https://cdn.sofifa.com/players/207/557/22_60.png
,[],230312,Gabri Prestão,https://cdn.sofifa.com/players/230/312/22_60.png
,"[' Jamaica', ' Philadelphia Union']",216939,A. Blake,https://cdn.sofifa.com/players/216/939/22_60.png
,"[' Rayo Vallecano', ' Real Zaragoza', ' Espanyol', ' Cerro Porteño']",188938,C. Álvarez,https://cdn.sofifa.com/players/188/938/22_60.png
,"[' Al Taawon', ' Paços de Ferreira', ' Arouca', ' Rio Ave']",165769,21 Cássio,https://cdn.sofifa.com/players/165/769/21_60.png
,"[' Martigues', ' Nîmes', ' Lorient', ' Toulouse', ' Dijon', ' Lorient II']",204240,B. Reynet,https://cdn.sofifa.com/players/204/240/22_60.png
,"[' Sedan', ' Caen', ' Rennes', ' Bordeaux', ' Vannes', ' France', ' Auxerre']",158121,B. Costil,https://cdn.sofifa.com/players/158/121/22_60.png
,"[' Lokomotiv Plovdiv', ' Lausanne Sport', ' Clermont', ' PSG II', ' Mafra']",220820,M. Diaw,https://cdn.sofifa.com/players/220/820/22_60.png
,"[' UD Ibiza', ' UCAM Murcia', ' Elche', ' Abahani', ' Espanyol', ' Espanyol II', ' Racing Santander']",212453,Germán Parreño,https://cdn.sofifa.com/players/212/453/22_60.png
,"[' Juventus U19', ' Sampdoria', ' Juventus', ' Venezia']",228413,E. Audero,https://cdn.sofifa.com/players/228/413/22_60.png
,"[' Midtjylland', ' United States', ' DC United']",194904,B. Hamid,https://cdn.sofifa.com/players/194/904/22_60.png
,"[' Porto II', ' Guadalajara', ' Mexico', ' Porto U19', ' APOEL', ' Necaxa', ' Mexico U17', ' União Madeira', ' Atlanta United']",226285,R. Gudiño,https://cdn.sofifa.com/players/226/285/22_60.png
,"[' Italy', ' Fatih Karagümrük', ' Palermo', ' Sampdoria', ' Fiorentina', ' Brescia', ' SPAL', ' Bologna']",168354,E. Viviano,https://cdn.sofifa.com/players/168/354/22_60.png
,"[' Argentina', ' Estudiantes', ' Palermo', ' Catania', ' Napoli']",173857,M. Andújar,https://cdn.sofifa.com/players/173/857/22_60.png
,"[' Shrewsbury Town', ' Wohlen', ' Middlesbrough', ' Blackburn Rovers', ' Yverdon Sport', ' Huddersfield Town', ' Oldham Athletic', ' Fleetwood Town', ' Canada', ' Blackburn Rovers U23']",183347,J. Leutwiler,https://cdn.sofifa.com/players/183/347/22_60.png
,"[' France U21', ' Genk', ' Anderlecht', ' Cercle Brugge', ' Metz II', ' Monaco', ' Metz', ' RFC Seraing']",219793,T. Didillon,https://cdn.sofifa.com/players/219/793/22_60.png
,"[' Auxerre II', ' Nantes II', ' Caen', ' Sporting Charleroi', ' Alanyaspor', ' Lorient', ' Olympique Lyonnais', ' Nantes', ' Auxerre']",168965,R. Riou,https://cdn.sofifa.com/players/168/965/22_60.png
,"[' Middlesbrough', ' Hull City', ' Atlanta United', ' Aston Villa', ' United States']",164505,B. Guzan,https://cdn.sofifa.com/players/164/505/22_60.png
,"[' Tijuana', ' Santos Laguna']",217813,G. Lajud,https://cdn.sofifa.com/players/217/813/22_60.png
,"[' Cerro Porteno PF', ' Godoy Cruz', ' Nacional Asunción', ' Paraguay']",254714,J. Espínola,https://cdn.sofifa.com/players/254/714/22_60.png
,"[' Hansa Rostock', ' Zwickau', ' Perugia']",204380,J. Brinkies,https://cdn.sofifa.com/players/204/380/22_60.png
,"[' Nîmes', ' Troyes', ' Nîmes II', ' Orléans']",214680,G. Gallon,https://cdn.sofifa.com/players/214/680/22_60.png
,"[' Saudi Arabia', ' Al Ahli Jeddah', ' Niğde Belediyespor', ' Al Shabab']",210923,M. Al Owais,https://cdn.sofifa.com/players/210/923/22_60.png
,"[' Lecce', ' Empoli', ' Perugia', ' Carpi', ' Brazil  U23', ' Milan', ' Cagliari', ' Napoli', ' Coritiba']",201931,Gabriel,https://cdn.sofifa.com/players/201/931/22_60.png
,"[' Turkey U21', ' Rizespor', ' Chrudim', ' Bedem Ivankovo', ' Turkey', ' Azam', ' Ankaragücü']",229637,G. Akkan,https://cdn.sofifa.com/players/229/637/22_60.png
,"[' Feyenoord', ' Jong Utrecht', ' Inter Miami', ' FC Utrecht', ' Feyenoord U23', ' Twente II', ' FC Twente', ' Inter Miami II', ' Go Ahead Eagles']",200698,N. Marsman,https://cdn.sofifa.com/players/200/698/22_60.png
,[],230328,Pierrino Faria,https://cdn.sofifa.com/players/230/328/22_60.png
,"[' Feyenoord', ' Anderlecht', ' Germany U21', ' Schalke 04', ' Willem II', ' Schalke 04 U19', ' Schalke 04 II', ' Mallorca']",223686,T. Wellenreuther,https://cdn.sofifa.com/players/223/686/22_60.png
,"[' Real Zaragoza', ' Sporting Gijón', ' AGF', ' Castellón', ' Huesca', ' Lugo', ' OFI']",220433,Óscar Whalley,https://cdn.sofifa.com/players/220/433/22_60.png
,"[' Estudiantes Caseros', ' Banfield']",227477,F. Altamirano,https://cdn.sofifa.com/players/227/477/22_60.png
,"[' Cheltenham Town', ' Peñarol', ' Plaza Colonia', ' Uruguay']",253272,K. Dawson,https://cdn.sofifa.com/players/253/272/22_60.png
,"[' Colchester United', ' Tranmere Rovers', ' Liverpool U23', ' Carlisle United']",240346,S. George,https://cdn.sofifa.com/players/240/346/22_60.png
,"[' SC Freiburg', ' VfB Stuttgart', ' FSV Mainz 05', ' Germany U23', ' Mainz 05 II']",234833,F. Müller,https://cdn.sofifa.com/players/234/833/22_60.png
,"[' Atlas', ' Mazatlán', ' Cerrito', ' Millonarios', ' Puebla', ' Patriotas Boyacá', ' Atlético Bucaramanga']",214076,N. Vikonis,https://cdn.sofifa.com/players/214/076/22_60.png
,"[' Grêmio', ' Plzen U21', ' Al Ittihad']",167959,Marcelo Grohe,https://cdn.sofifa.com/players/167/959/22_60.png
,"[' Scotland', ' Hearts', ' Sunderland', ' Celtic']",53110,C. Gordon,https://cdn.sofifa.com/players/053/110/22_60.png
,[' Dallas'],213736,20 J. Gonzalez,https://cdn.sofifa.com/players/213/736/20_60.png
,"[' Doncaster Rovers', ' Coventry City', ' Shrewsbury Town', ' Croatia Zmijavci']",221531,M. Maroši,https://cdn.sofifa.com/players/221/531/22_60.png
,"[' Toronto II', ' Toronto', ' ', ' United States']",226786,A. Bono,https://cdn.sofifa.com/players/226/786/22_60.png
,"[' SønderjyskE', ' Melbourne Victory', ' Australia', ' Western Sydney Wanderers']",203423,L. Thomas,https://cdn.sofifa.com/players/203/423/22_60.png
,"[' New England', ' Richmond Kickers', ' United States', ' Arsenal']",233267,M. Turner,https://cdn.sofifa.com/players/233/267/22_60.png
,"[' Monaco', ' Fulham', ' Southampton', ' Everton', ' Netherlands', ' Roma', ' Ajax']",2147,M. Stekelenburg,https://cdn.sofifa.com/players/002/147/22_60.png
,"[' Wycombe Wanderers', ' Exeter City', ' Alfreton Town', ' Sheffield Wednesday', ' Chesterfield']",214088,C. Dawson,https://cdn.sofifa.com/players/214/088/22_60.png
,"[' Sochaux II', ' Liefering', ' Ghana', ' St. Gallen', ' Sochaux']",229956,L. Zigi,https://cdn.sofifa.com/players/229/956/22_60.png
,"[' Adana Demirspor', ' Çanakkale Dardanel', ' Giresunspor', ' Antalyaspor', ' Gençlerbirliği']",205874,F. Kaplan,https://cdn.sofifa.com/players/205/874/22_60.png
,"[' Empoli', ' Górnik Zabrze', ' Roma', ' Poland', ' Ruch Radzionkow', ' Bologna']",189908,L. Skorupski,https://cdn.sofifa.com/players/189/908/22_60.png
,"[' Charlton Athletic', ' Bristol City', ' Reading', ' Brentford', ' Watford', ' Huddersfield Town', ' Leicester City', ' Swansea City', ' Derby County', ' Leicester U21']",170008,B. Hamer,https://cdn.sofifa.com/players/170/008/22_60.png
,"[' Paris', ' Paris II']",150659,V. Demarconnay,https://cdn.sofifa.com/players/150/659/22_60.png
,"[' Korea Republic', ' Daegu', ' Geel', ' Ulsan', ' Korea Republic U23']",212432,Jo Hyeon Woo,https://cdn.sofifa.com/players/212/432/22_60.png
,"[' Cherbourg', ' Rennes', ' Reims', ' Reims II', ' Senegal', ' Olympique Marseille II', ' Chelsea']",234642,E. Mendy,https://cdn.sofifa.com/players/234/642/22_60.png
,"[' Hannover 96 II', ' Hannover 96', ' FC Köln', ' Leicester City', ' Germany', ' Northampton Town', ' VfB Stuttgart']",186148,R. Zieler,https://cdn.sofifa.com/players/186/148/22_60.png
,"[' Lazio', ' Sporting CP U19', ' Sporting CP', ' Granada', ' Sporting CP II', ' Portugal U21', ' Portugal U19']",244316,Luís Maximiano,https://cdn.sofifa.com/players/244/316/22_60.png
,"[' Korea Republic', ' Javor Ivanjica', ' Ulsan', ' Kashiwa Reysol', ' Vissel Kobe']",191655,Kim Seung Gyu,https://cdn.sofifa.com/players/191/655/22_60.png
,"[' JDFS Alberts', ' Zürich', ' Wil']",204842,Y. Brecher,https://cdn.sofifa.com/players/204/842/22_60.png
,"[' Grimsby Town', ' Stockport County', ' Bristol City', ' Bradford City', ' Walsall', ' Rochdale', ' Macclesfield Town', ' Northampton Town', ' Rotherham United', ' Wigan Athletic', ' Sheffield Wednesday', ' Chesterfield']",182206,R. O'Donnell,https://cdn.sofifa.com/players/182/206/22_60.png
,"[' VW Hamme', ' Pohang Steelers']",221912,Kang Hyeon Mu,https://cdn.sofifa.com/players/221/912/22_60.png
,"[' Alcorcón', ' FC Andorra', ' Las Palmas', ' Mirandés']",199101,Raúl Lizoain,https://cdn.sofifa.com/players/199/101/22_60.png
,"[' Granada', ' Las Palmas', ' Mirandés', ' Numancia', ' Athletic Club', ' Racing Santander', ' Levante']",186680,Raúl Fernández,https://cdn.sofifa.com/players/186/680/22_60.png
,"[' Fortuna Sittard', ' PSV U19', ' Jong PSV']",236649,Y. van Osch,https://cdn.sofifa.com/players/236/649/22_60.png
,"[' Wellington Phoenix', ' Auckland City', ' Wellington Phoenix Res']",225993,O. Sail,https://cdn.sofifa.com/players/225/993/22_60.png
,"[' Sunderland', ' Birmingham City', ' Wrexham', ' AFC Bournemouth', ' Nottingham Forest', ' Northern Ireland', ' Swindon Town', ' Coventry City', ' Norwich City', ' Rotherham United']",53736,21 L. Camp,https://cdn.sofifa.com/players/053/736/21_60.png
,"[' Feyenoord', ' Perth Glory', ' Australia', ' Middlesbrough', ' Bradford City', ' Liverpool', ' Al Nassr', ' Derby County', ' NEC']",165735,B. Jones,https://cdn.sofifa.com/players/165/735/22_60.png
,"[' Cincinnati', ' Elche', ' PSV', ' Jong PSV', ' Poland', ' FC Twente', ' Roda JC Kerkrade', ' Deportivo La Coruña', ' Ajax', ' VfB Stuttgart']",176094,P. Tytoń,https://cdn.sofifa.com/players/176/094/22_60.png
,"[' Benevento', ' Novara', ' Siena', ' Hellas Verona']",215363,L. Montipò,https://cdn.sofifa.com/players/215/363/22_60.png
,"[' Atlético San Luis', ' Monterrey', ' Vélez Sarsfield', ' Necaxa', ' Burgos', ' River Plate']",142721,M. Barovero,https://cdn.sofifa.com/players/142/721/22_60.png
,"[' SJ Earthquakes', ' San Antonio', ' Portland Timbers', ' LA Galaxy', ' Strømmen']",202469,21 D. Bingham,https://cdn.sofifa.com/players/202/469/21_60.png
,"[' Waldhof Mannheim', ' Hannover 96 II', ' Sestao River', ' Greuther Fürth II']",223823,T. Königsmann,https://cdn.sofifa.com/players/223/823/22_60.png
,"[' Djurgården', ' Haugesund', ' Norway', ' Vålerenga II', ' AGF', ' FC Groningen', ' Nîmes', ' Norway U21', ' Vålerenga']",211021,P. Bråtveit,https://cdn.sofifa.com/players/211/021/22_60.png
,"[' Gençlerbirliği', ' Midtjylland', ' Malmö FF', ' Lyn']",164484,J. Dahlin,https://cdn.sofifa.com/players/164/484/22_60.png
,"[' Málaga', ' Spain U21', ' Leganés', ' Sevilla II', ' Spain U17', ' Sevilla', ' Tenerife', ' Sevilla U19']",234790,Juan Soriano,https://cdn.sofifa.com/players/234/790/22_60.png
,"[' Crawley Town', ' Aldershot Town', ' Leyton Orient', ' Gillingham', ' Southend United']",19541,G. Morris,https://cdn.sofifa.com/players/019/541/22_60.png
,"[' FC Groningen', ' Jong Ajax', ' FC Dordrecht', ' Cape Town City']",223737,P. Leeuwenburgh,https://cdn.sofifa.com/players/223/737/22_60.png
,"[' Feirense', ' Sporting Braga', ' Belenenses', ' União Madeira', ' Portugal U21', ' Aston Villa', ' Grasshopper', ' Ribeirao']",224953,André Moreira,https://cdn.sofifa.com/players/224/953/22_60.png
,"[' Notts County', ' Barnsley', ' Millwall', ' Southampton', ' Poland', ' Ipswich Town']",155871,B. Białkowski,https://cdn.sofifa.com/players/155/871/22_60.png
,"[' Independiente Medellín', ' Paraguay', ' Marília', ' Cerro Porteño', ' Rubio Ñú', ' Huracán', ' Puebla', ' 3 de Febrero', ' Deportes Tolima']",214373,A. Silva,https://cdn.sofifa.com/players/214/373/22_60.png
,"[' Crawley Town', ' Newcastle Utd U23', ' Aberdeen', ' Kilmarnock', ' Preston North End', ' England U21', ' AFC Bournemouth', ' Newcastle United', ' Swansea City']",222514,F. Woodman,https://cdn.sofifa.com/players/222/514/22_60.png
,"[' Lech Poznań', ' Jong Ajax', ' Netherlands U21', ' FC Emmen', ' PEC Zwolle', ' Go Ahead Eagles']",208782,M. van der Hart,https://cdn.sofifa.com/players/208/782/22_60.png
,"[' San Lorenzo', ' Godoy Cruz', ' Argentinos Juniors']",216692,S. Torrico,https://cdn.sofifa.com/players/216/692/22_60.png
,"[' Switzerland U21', ' Borussia Dortmund', ' Switzerland', ' Hoffenheim II', ' TSG Hoffenheim', ' VfB Stuttgart']",235073,G. Kobel,https://cdn.sofifa.com/players/235/073/22_60.png
,"[' Chicago Fire', ' Tulsa Roughnecks', ' Tacoma Defiance', ' Seattle Sounders', ' Lansing Ignite']",237250,S. Cleveland,https://cdn.sofifa.com/players/237/250/22_60.png
,[],230320,Victorino Magela,https://cdn.sofifa.com/players/230/320/22_60.png
,"[' AEK Athens', ' SV Horn II', ' Grödig', ' Austria', ' Salzburg']",216175,C. Stanković,https://cdn.sofifa.com/players/216/175/22_60.png
,"[' Porto II', ' América RN', ' Fenerbahçe', ' Porto', ' Olhanense', ' Omonia Nicosia']",184926,19 Fabiano,https://cdn.sofifa.com/players/184/926/19_60.png
,"[' SC Freiburg', ' Eintracht Braunschweig', ' Śląsk Wrocław', ' Jagiellonia Białystok', ' FC Augsburg', ' FC Union Berlin', ' Stomil Olsztyn']",194333,R. Gikiewicz,https://cdn.sofifa.com/players/194/333/22_60.png
,"[' France U21', ' Clermont', ' France U23', ' Saint-Étienne', ' France U17', ' Nîmes', ' Troyes II', ' Bordeaux  II', ' Angers SCO', ' Angers SCO II', ' Troyes']",223898,P. Bernardoni,https://cdn.sofifa.com/players/223/898/22_60.png
,"[' Örgryte', ' Häcken']",192201,P. Abrahamsson,https://cdn.sofifa.com/players/192/201/22_60.png
,"[' RB Leipzig', ' RB Leipzig II', ' Kaiserslautern', ' Luzern', ' Kaiserslautern II']",208375,M. Müller,https://cdn.sofifa.com/players/208/375/22_60.png
,"[' Port Vale', ' Aberdeen', ' Derby County U23', ' Plymouth Argyle', ' Bristol Rovers', ' Nuneaton Town', ' AFC Wimbledon', ' Derby County', ' Rotherham United']",211299,K. Roos,https://cdn.sofifa.com/players/211/299/22_60.png
,"[' Charlton Athletic', "" Bishop's Stortford"", ' Cardiff City', ' KV Oostende', ' Cheltenham Town', ' Whitehawk']",220058,D. Phillips,https://cdn.sofifa.com/players/220/058/22_60.png
,"[' SC Freiburg', ' SpVgg Greuther Fürth', ' MSV Duisburg', ' Greuther Fürth II', ' Freiburg II', ' Netherlands', ' Alemannia Aachen']",211738,M. Flekken,https://cdn.sofifa.com/players/211/738/22_60.png
,"[' Nordsjælland', ' Denmark U21', ' Guingamp', ' Silkeborg', ' AaB']",200209,N. Larsen,https://cdn.sofifa.com/players/200/209/22_60.png
,"[' Sunderland U23', ' Republic of Ireland', ' Viterbese', ' Bohemians', ' Sunderland U21', ' Darlington']",225406,J. Talbot,https://cdn.sofifa.com/players/225/406/22_60.png
,"[' SC Freiburg', ' Freiburg II', ' Schalke 04', ' DSC Arminia Bielefeld', ' Hertha BSC']",202789,A. Schwolow,https://cdn.sofifa.com/players/202/789/22_60.png
,"[' Hansa Rostock', ' Eintracht Frankfurt II', ' Virtus Entella', ' Wehen Wiesbaden', ' Viktoria Aschaffenburg']",211946,M. Kolke,https://cdn.sofifa.com/players/211/946/22_60.png
,"[' Darmstadt 98', ' Hamburger SV', ' Mainz 05 II', ' Nürnberg']",215417,C. Mathenia,https://cdn.sofifa.com/players/215/417/22_60.png
,"[' Basingstoke Town', ' Bristol City', ' Cardiff City', ' Brentford', ' Sheffield United', ' Coventry City']",194150,S. Moore,https://cdn.sofifa.com/players/194/150/22_60.png
,"[' Peterborough United', ' Grimsby Town', ' Finn Harps', ' Boston United']",170280,21 J. McKeown,https://cdn.sofifa.com/players/170/280/21_60.png
,"[' Brentford', ' Huddersfield Town', ' FSV Mainz 05', ' Denmark', ' Everton', ' Guingamp', ' Midtjylland']",172553,J. Lössl,https://cdn.sofifa.com/players/172/553/22_60.png
,"[' Atlanta Silverbacks', ' North Texas', ' NY Cosmos', ' Dallas']",202570,J. Maurer,https://cdn.sofifa.com/players/202/570/22_60.png
,"["" Bishop's Stortford"", ' Middlesbrough', ' Reading', ' Accrington Stanley', ' Bristol Rovers', ' Queens Park Rangers', ' Blackpool', ' Gillingham', ' Doncaster Rovers']",217096,J. Lumley,https://cdn.sofifa.com/players/217/096/22_60.png
,"[' Forest Green Rovers', ' Burton Albion', ' Barnsley', ' Chelsea U19']",225543,B. Collins,https://cdn.sofifa.com/players/225/543/22_60.png
,"[' France U21', ' Monaco II', ' Cercle Brugge', ' Szeol', ' Rennes II', ' Gent', ' Monaco', ' Nancy', ' Nancy II', ' Rennes', ' Lorient']",206218,P. Nardi,https://cdn.sofifa.com/players/206/218/22_60.png
,"[' Cardiff City', ' Bristol Rovers', ' Newport County', ' Rushden & Diamonds', ' Alfreton Town', ' AFC Wimbledon', ' Eastbourne Borough', ' Peterborough United']",203034,J. Day,https://cdn.sofifa.com/players/203/034/22_60.png
,"[' Konyaspor', ' Rizespor', ' Fenerbahçe', ' Alanyaspor', ' Ankaragücü']",144172,S. Kırıntılı,https://cdn.sofifa.com/players/144/172/22_60.png
,"[' Wycombe Wanderers', ' Stevenage', ' Birmingham City', ' Plymouth Argyle', ' Fulham', ' Rotherham United', ' Leicester City', ' Brighton & Hove Albion', ' Coventry City', ' Hull City', ' Sheffield Wednesday', ' Ipswich Town']",182207,D. Stockdale,https://cdn.sofifa.com/players/182/207/22_60.png
,"[' Molde', ' SpVgg Greuther Fürth', ' Sweden', ' Värnamo', ' Helsingborg', ' Sweden U23']",207926,A. Linde,https://cdn.sofifa.com/players/207/926/22_60.png
,"[' Liverpool U19', ' Czech Republic U21', ' Liverpool U18', ' Liverpool', ' Liverpool U21', ' Liverpool U23', "" St Patrick's""]",253428,V. Jaroš,https://cdn.sofifa.com/players/253/428/22_60.png
,"[' FC Augsburg', ' Kaiserslautern', ' Bochum II', ' Augsburg II', ' FC Union Berlin', ' VfL Bochum 1848']",192665,A. Luthe,https://cdn.sofifa.com/players/192/665/22_60.png
,"[' Heidenheim', ' Energie Cottbus', ' Hansa Rostock', ' Stuttgart II']",202873,K. Müller,https://cdn.sofifa.com/players/202/873/22_60.png
,"[' Basel', ' Smiltene', ' Eintracht Frankfurt', ' Austria Wien', ' Austria', ' Wehen Wiesbaden', ' Austria Wien II', ' Sion', ' Grasshopper']",193247,H. Lindner,https://cdn.sofifa.com/players/193/247/22_60.png
,"[' Scotland U21', ' Scotland', ' East Fife', ' Livingston', ' Queens Park Rangers', ' Motherwell']",225203,L. Kelly,https://cdn.sofifa.com/players/225/203/22_60.png
,"[' IFK Göteborg', ' Vålerenga II', ' Stabæk II', ' Ljungskile', ' Stabæk', ' Vålerenga']",191153,M. Sandberg,https://cdn.sofifa.com/players/191/153/22_60.png
,"[' Melbourne City', ' Melbourne City U21', ' Adelaide United', ' Australia']",160295,19 E. Galekovic,https://cdn.sofifa.com/players/160/295/19_60.png
,"[' Pénzügyőr', ' Coto Brus', ' CSKA Sofia', ' Pogoń Szczecin', ' Hajduk Split', ' Primorac Stobreč']",250939,D. Stipica,https://cdn.sofifa.com/players/250/939/22_60.png
,"[' Seoul', ' VW Hamme']",203004,Yang Han Been,https://cdn.sofifa.com/players/203/004/22_60.png
,"[' Elverum', ' Vålerenga II', ' Vålerenga']",224322,K. Haug,https://cdn.sofifa.com/players/224/322/22_60.png
,"[' Alessandria', ' Ascoli', ' Cesena', ' Cagliari', ' Triestina', ' Cremonese']",123586,20 M. Agazzi,https://cdn.sofifa.com/players/123/586/20_60.png
,"[' Dinamo Bucureşti', ' Ullensaker / Kisa', ' Kristiansund', ' Republic of Ireland U21', ' Sandnes Ulf']",202810,S. McDermott,https://cdn.sofifa.com/players/202/810/22_60.png
,"[' Norrköping', ' Exeter City', ' Örebro', ' Shamrock Rovers', ' Northampton Town']",190669,O. Jansson,https://cdn.sofifa.com/players/190/669/22_60.png
,"[' Molde', ' Charlton Athletic', ' Manchester United', ' Cardiff City', ' Millwall', ' England U21', ' Bolton Wanderers', ' Carlisle United', ' Oldham Athletic', ' Hull City', ' Wigan Athletic', ' Peterborough United']",173531,B. Amos,https://cdn.sofifa.com/players/173/531/22_60.png
,[],230317,Fred Aníbão,https://cdn.sofifa.com/players/230/317/22_60.png
,"[' Preston North End', ' Wrexham', ' Cambridge United', ' Blackpool', ' Fleetwood Town', ' Hibernian']",209333,C. Maxwell,https://cdn.sofifa.com/players/209/333/22_60.png
,"[' Vélez Sarsfield', ' Central Cordoba SdE', ' Sarmiento', ' Quilmes', ' Belgrano', ' Sportivo Belgrano']",215250,C. Rigamonti,https://cdn.sofifa.com/players/215/250/22_60.png
,"[' Leicester City U23', ' Denmark U21', ' Preston North End', ' Oldham Athletic', ' OH Leuven', ' Rotherham United']",228410,D. Iversen,https://cdn.sofifa.com/players/228/410/22_60.png
,"[' Austria Klagenfurt', ' Werder Bremen', ' Werder Bremen II', ' Unterhaching', ' PEC Zwolle']",227370,M. Zetterer,https://cdn.sofifa.com/players/227/370/22_60.png
,[],260018,D. Odumosu,https://cdn.sofifa.com/players/260/018/22_60.png
,"[' Shamrock Rovers', ' Linfield', ' Northern Ireland', ' St. Johnstone']",110606,A. Mannus,https://cdn.sofifa.com/players/110/606/22_60.png
,"[' Eintracht Frankfurt', ' Eintracht Frankfurt II', ' Schalke 04', ' Norwich City', ' Schalke 04 II']",179783,R. Fährmann,https://cdn.sofifa.com/players/179/783/22_60.png
,"[' Monaco II', ' Sedan', ' Arles', ' Arles II', ' Domžale', ' Dunkerque', ' Nîmes']",215097,A. Maraval,https://cdn.sofifa.com/players/215/097/22_60.png
,"[' Darmstadt 98', ' Bochum II', ' Paderborn', ' Hamburger SV', ' Osnabrück']",212197,D. Heuer Fernandes,https://cdn.sofifa.com/players/212/197/22_60.png
,"[' Dijon II', ' Quevilly Rouen', ' Quevilly II', ' Guingamp', ' Dijon', ' Rodez', ' Concarneau']",212735,E. Basilio,https://cdn.sofifa.com/players/212/735/22_60.png
,"[' Notts County', ' Aberdeen', ' Kettering Town', ' Carlisle United', ' Rotherham United']",53363,20 A. Collin,https://cdn.sofifa.com/players/053/363/20_60.png
,"[' Austin', ' New York City', ' Columbus Crew']",213206,B. Stuver,https://cdn.sofifa.com/players/213/206/22_60.png
,"[' Middlesbrough U21', ' Middlesbrough', ' Walsall', ' Chester', ' Northampton Town']",211604,L. Roberts,https://cdn.sofifa.com/players/211/604/22_60.png
,"[' Hearts', ' Queen of the South', ' Scotland', ' St. Johnstone', ' Elgin City']",204269,Z. Clark,https://cdn.sofifa.com/players/204/269/22_60.png
,"[' Niort II', ' Nantes II', ' Pau', ' Korea Republic W', ' Nantes', ' Niort']",231105,A. Olliero,https://cdn.sofifa.com/players/231/105/22_60.png
,"[' Kuressaare', ' Konyaspor', ' Fenerbahçe', ' Kayserispor', ' Kasımpaşa', ' Samsunspor', ' Boluspor', ' Sivasspor']",194372,E. Taşkıran,https://cdn.sofifa.com/players/194/372/22_60.png
,[],230323,Kaíquão Castro,https://cdn.sofifa.com/players/230/323/22_60.png
,"[' Benevento', ' Konyaspor', ' Carpi', ' Salernitana', ' Inter', ' Slovenia', ' Olhanense', ' APOEL', ' Crotone']",193336,V. Belec,https://cdn.sofifa.com/players/193/336/22_60.png
,"[' Botoşani', ' CSM Iaşi', ' Gaz Metan Mediaş']",147970,21 R. Pleșca,https://cdn.sofifa.com/players/147/970/21_60.png
,"[' Yongin City', ' Suwon Bluewings', ' Asan Mugunghwa']",222229,Yang Hyung Mo,https://cdn.sofifa.com/players/222/229/22_60.png
,"[' Rapid Vienna', ' Hannover 96 II', ' Atromitos', ' Lechia Gdańsk', ' Rapid Wien II', ' Lillestrøm', ' Houston Dynamo']",212973,M. Marić,https://cdn.sofifa.com/players/212/973/22_60.png
,"[' Vasco da Gama', ' Libertad', ' Banik Sous', ' Defensor Sporting', ' Olimpia', ' Uruguay']",198653,M. Silva,https://cdn.sofifa.com/players/198/653/22_60.png
,"[' Eintracht Frankfurt', ' Germany U21', ' Vitesse', ' Schalke 04', ' Dynamo Dresden', ' Schalke 04 II']",234383,M. Schubert,https://cdn.sofifa.com/players/234/383/22_60.png
,"[' Republic of Ireland U21', ' Sligo Rovers']",237927,E. McGinty,https://cdn.sofifa.com/players/237/927/22_60.png
,"[' Saudi Arabia', ' Al Ittihad', ' Al Shabab']",208968,F. Al Qarni,https://cdn.sofifa.com/players/208/968/22_60.png
,"[' Olimpo', ' Racing Club', ' Temperley', ' Patronato', ' Colón', ' Lanús']",214983,M. Ibáñez,https://cdn.sofifa.com/players/214/983/22_60.png
,"[' Wolfsberger AC II', ' Wolfsberger AC', ' Austria Lustenau']",217502,A. Kofler,https://cdn.sofifa.com/players/217/502/22_60.png
,"[' India', ' Atlético de Kolkata', ' Bengaluru', ' ATK Mohun Bagan', ' Pune', ' Mumbai City']",223760,A. Singh,https://cdn.sofifa.com/players/223/760/22_60.png
,"[' Standard Liège', ' Club Brugge', ' Cercle Brugge', ' Valenciennes II', ' KV Oostende', ' Belgium U21']",205386,G. Hubert,https://cdn.sofifa.com/players/205/386/22_60.png
,"[' SpVgg Greuther Fürth', ' Greuther Fürth II', ' St. Pauli II', ' Hertha BSC II', ' St. Pauli', ' Hertha BSC', ' Vålerenga']",189061,S. Burchert,https://cdn.sofifa.com/players/189/061/22_60.png
,"[' København', ' Liverpool U19', ' Liverpool', ' Poland', ' AGF', ' Huddersfield Town', ' Poland U21', ' Liverpool U23']",228383,K. Grabara,https://cdn.sofifa.com/players/228/383/22_60.png
,"[' Le Havre II', ' Boulogne', ' Amiens SC', ' Le Havre', ' Strasbourg']",176994,R. Gurtner,https://cdn.sofifa.com/players/176/994/22_60.png
,"[' Silkeborg', ' DC United', ' Mineros de Guayana', ' Udinese', ' Venezuela', ' Estudiantes Mérida', ' APOEL', ' Vác', ' OH Leuven', ' Beerschot-Wilrijk', ' AEL']",193359,R. Romo,https://cdn.sofifa.com/players/193/359/22_60.png
,"[' Chicago Fire', ' DC United', ' Hammarby', ' Vancouver Whitecaps', ' SønderjyskE', ' Midtjylland', ' Randers']",162052,D. Ousted,https://cdn.sofifa.com/players/162/052/22_60.png
,"[' UTC Cajamarca', ' Melgar', ' Sporting Cristal', ' Peru', ' Universitario']",186655,J. Carvallo,https://cdn.sofifa.com/players/186/655/22_60.png
,"[' Stevenage', ' Dundee', ' Queens Park Rangers', ' Senegal', ' Hampton & Richmond', ' Doncaster Rovers']",239358,S. Dieng,https://cdn.sofifa.com/players/239/358/22_60.png
,"[' Viktoria Plzeň', ' Czech Republic U21', ' České Budějovice', ' Czech Republic', ' Morlautern']",221909,J. Staněk,https://cdn.sofifa.com/players/221/909/22_60.png
,"[' Nantes II', ' Toulouse', ' Nantes', ' Clermont']",204513,M. Dupé,https://cdn.sofifa.com/players/204/513/22_60.png
,"[' Belgium U21', ' OH Leuven', ' Waasland-Beveren', ' Genk']",222263,21 N. Jackers,https://cdn.sofifa.com/players/222/263/21_60.png
,"[' Vizela', ' Olympiakos', ' Vasco da Gama', ' Marítimo']",229255,Charles,https://cdn.sofifa.com/players/229/255/22_60.png
,"[' TP Mazembe', "" Côte d'Ivoire"", ' Séwé Sport', ' La Roche']",218971,21 S. Gbohouo,https://cdn.sofifa.com/players/218/971/21_60.png
,"[' Stevenage', ' Lincoln City', ' Boston United', ' Barrow', ' Carlisle United', ' Gateshead']",212175,P. Farman,https://cdn.sofifa.com/players/212/175/22_60.png
,"[' Hertha BSC', ' Viktoria Berlin', ' Hertha BSC II', ' Alemannia Aachen']",210022,P. Sprint,https://cdn.sofifa.com/players/210/022/22_60.png
,"[' India', ' Bengaluru', ' East Bengal', ' Stabæk']",225213,G. Singh Sandhu,https://cdn.sofifa.com/players/225/213/22_60.png
,"[' Port Vale', ' Oxford United', ' Padova', ' Pontedera', ' Oxford City']",225342,J. Stevens,https://cdn.sofifa.com/players/225/342/22_60.png
,"[' Holstein Kiel', ' Hansa Rostock', ' Bandırmaspor', ' Augsburg II']",204334,I. Gelios,https://cdn.sofifa.com/players/204/334/22_60.png
,"[' OB', ' Sheriff', ' Al Fateh', ' Hoverla', ' Metalurh Zaporizhya', ' Ukraine U21', ' Deportivo La Coruña', ' Dynamo Kyiv']",206412,M. Koval,https://cdn.sofifa.com/players/206/412/22_60.png
,"[' United Arab Emirates', ' Al Jazira', ' Lumwana Radiants', ' Al Ain', ' Thimphu']",247072,K. Eissa,https://cdn.sofifa.com/players/247/072/22_60.png
,"[' PSV', ' Fortuna Düsseldorf', ' Aarau', ' Jong PSV', ' VVV-Venlo', ' Fortuna Düsseldorf II', ' Schalke 04', ' FC Twente', ' PSV U23', ' Schalke 04 II']",199833,L. Unnerstall,https://cdn.sofifa.com/players/199/833/22_60.png
,"[' Bastia', ' Lens', ' Bastia-Borgo', ' Lens II', ' Bastia II', ' Excelsior Virton']",209644,T. Vincensini,https://cdn.sofifa.com/players/209/644/22_60.png
,"[' SC Freiburg', ' Nikopol', ' Elversberg', ' Bayburt İÖİ', ' Freiburg II', ' Chemnitzer FC', ' Saarbrücken', ' Nürnberg II']",199803,D. Batz,https://cdn.sofifa.com/players/199/803/22_60.png
,"[' AFC Bournemouth', ' Republic of Ireland', ' Swindon Town']",232284,M. Travers,https://cdn.sofifa.com/players/232/284/22_60.png
,"[' Denmark U21', ' Denmark U19', ' Brøndby']",246158,M. Hermansen,https://cdn.sofifa.com/players/246/158/22_60.png
,"[' Korea Republic', ' Cerezo Osaka']",201936,Kim Jin Hyeon,https://cdn.sofifa.com/players/201/936/22_60.png
,"[' Rapid Vienna', ' Werder Bremen', ' Werder Bremen II', ' Legia Warszawa', ' Jahn Regensburg', ' Hertha BSC II']",209990,R. Strebinger,https://cdn.sofifa.com/players/209/990/22_60.png
,"[' Pohronie', ' Senica', ' Slovakia', ' Piast Gliwice']",242514,F. Plach,https://cdn.sofifa.com/players/242/514/22_60.png
,"[' Laval', ' Le Havre II', ' Westerlo', ' White Star Bruxelles', ' Lierse', ' Laval II', ' KV Oostende', ' Le Havre', ' Beerschot-Wilrijk', ' NEC']",180337,M. Vanhamel,https://cdn.sofifa.com/players/180/337/22_60.png
,[],251742,21 G. Chatterjee,https://cdn.sofifa.com/players/251/742/21_60.png
,"[' Arsenal U23', ' Arsenal U21', ' Luton Town', ' Accrington Stanley', ' Plymouth Argyle', ' Arsenal', ' Hibernian']",213407,M. Macey,https://cdn.sofifa.com/players/213/407/22_60.png
,"[' Milton Keynes Dons', ' Accrington Stanley', ' Huddersfield Town', ' Bristol Rovers', ' Northampton Town', ' Wigan Athletic']",198285,L. Nicholls,https://cdn.sofifa.com/players/198/285/22_60.png
,"[' Willem II', ' MVV Maastricht', ' NEC']",210832,M. Branderhorst,https://cdn.sofifa.com/players/210/832/22_60.png
,"[' Northern Ireland U21', ' Chelmsford City', ' Derry City']",226423,N. Gartside,https://cdn.sofifa.com/players/226/423/22_60.png
,"[' Atlético GO', ' Bahia', ' São Paulo', ' Cerro Porteño']",234999,Jean,https://cdn.sofifa.com/players/234/999/22_60.png
,"[' RB Leipzig', ' Rot-Weiß Erfurt', ' Hessen Kassel', ' Wehen Wiesbaden II', ' Meppen', ' Wehen Wiesbaden', ' Bayer Leverkusen II W']",183596,E. Domaschke,https://cdn.sofifa.com/players/183/596/22_60.png
,"[' Scunthorpe United', ' Aberdeen', ' Salford City', ' St. Mirren', ' Wrexham', ' Sheffield United', ' Blackpool', ' Bolton Wanderers', ' Carlisle United', ' Brøndby']",183789,21 M. Howard,https://cdn.sofifa.com/players/183/789/21_60.png
,"[' Atlético Huila', ' Deportivo Pasto', ' Santa Fe', ' Patriotas Boyacá']",228777,20 G. Banguera,https://cdn.sofifa.com/players/228/777/20_60.png
,"[' Gazélec Ajaccio', ' Lille II', ' Cholet', ' Martigues', ' Brest', ' Lille', ' Tours']",111163,18 S. Elana,https://cdn.sofifa.com/players/111/163/18_60.png
,"[' Sparta Rotterdam', ' Fortuna Düsseldorf', ' Jong Sparta', ' Fortuna Düsseldorf II', ' Nigeria', ' Figueirense']",257288,M. Okoye,https://cdn.sofifa.com/players/257/288/22_60.png
,"[' Sparta Praha', ' Romania', ' Concordia Chiajna', ' FCSB']",238033,F. Niță,https://cdn.sofifa.com/players/238/033/22_60.png
,"[' Leyton Orient', ' Waterford United', ' Hyde United', ' Swindon Town']",213413,L. Vigouroux,https://cdn.sofifa.com/players/213/413/22_60.png
,"[' Burton Albion', ' Birmingham City', ' Dundee', ' Crewe Alexandra', ' Leyton Orient', ' Derby County']",182761,A. Legzdins,https://cdn.sofifa.com/players/182/761/22_60.png
,"[' Sunderland U23', ' Wycombe Wanderers', ' Sunderland', ' Eastleigh', ' Accrington Stanley', ' Boston United', ' Livingston']",224543,M. Stryjek,https://cdn.sofifa.com/players/224/543/22_60.png
,"[' Korea Republic', ' Kawasaki Frontale', ' Korea Republic U23', ' Seongnam', ' Suwon Bluewings']",176389,Jung Sung Ryong,https://cdn.sofifa.com/players/176/389/22_60.png
,"[' Ascoli', ' Perugia', ' Olympiakos Piraeus', ' Brescia', ' Cesena', ' Foggia', ' Virtus Lanciano', ' Zulte-Waregem', ' Frosinone', ' Spezia']",201299,20 N. Leali,https://cdn.sofifa.com/players/201/299/20_60.png
,"[' Marítimo', ' FC Barreirense', ' Orange County', ' Ponferradina', ' Iran', ' Rah Ahan', ' Marítimo II']",237419,A. Abedzadeh,https://cdn.sofifa.com/players/237/419/22_60.png
,"[' Germany U20', ' Borussia Dortmund II', ' Borussia Dortmund U19', ' Borussia Dortmund']",247479,L. Unbehaun,https://cdn.sofifa.com/players/247/479/22_60.png
,"[' Sweden U21', ' Elfsborg', ' Elfsborg U19']",242200,T. Rönning,https://cdn.sofifa.com/players/242/200/22_60.png
,"[' Algeria', ' USM El Harrach', ' ES Sétif', ' Dhamk']",251511,M. Zeghba,https://cdn.sofifa.com/players/251/511/22_60.png
,"[' Sandhausen', ' Wolfsburg II', ' Preußen Münster', ' Würzburger Kickers', ' VfL Bochum 1848', ' Wil']",210772,P. Drewes,https://cdn.sofifa.com/players/210/772/22_60.png
,"[' Nantwich Town', ' Finland U21', ' Crewe Alexandra']",230000,W. Jääskeläinen,https://cdn.sofifa.com/players/230/000/22_60.png
,"[' Jagiellonia Białystok', ' Lechia Gdańsk', ' Kaiserslautern II', ' Korona Kielce', ' Borussia Dortmund II']",208764,Z. Alomerović,https://cdn.sofifa.com/players/208/764/22_60.png
,"[' Stevenage', ' Salford City', ' Millwall', ' Newport County', ' Wales', ' AFC Wimbledon', ' Braintree Town']",225650,T. King,https://cdn.sofifa.com/players/225/650/22_60.png
,"[' Finland', ' Bristol City', ' FC Den Bosch', ' VVV-Venlo', ' Willem II', ' Brighton & Hove Albion', ' Brighton U23', ' Venezia']",135587,N. Mäenpää,https://cdn.sofifa.com/players/135/587/22_60.png
,"[' Belgium U19', ' Genk', ' Belgium U21', ' ', ' Belgium U17']",242879,M. Vandevoordt,https://cdn.sofifa.com/players/242/879/22_60.png
,"[' Borussia Dortmund', ' Australia', ' Melbourne Victory', ' Levante', ' Nagoya Grampus', ' Borussia Dortmund II', ' VfB Stuttgart']",182435,M. Langerak,https://cdn.sofifa.com/players/182/435/22_60.png
,"[' Sagan Tosu', ' Ryūkyū', ' Yokohama F. Marinos']",246806,Park Il Gyu,https://cdn.sofifa.com/players/246/806/22_60.png
,"[' SJ Earthquakes', ' Reno 1868']",242703,J. Marcinkowski,https://cdn.sofifa.com/players/242/703/22_60.png
,"[' Zweibrucken', ' Los Angeles FC', ' Minnesota United', ' Seattle Sounders', ' Tacoma Defiance']",231878,T. Miller,https://cdn.sofifa.com/players/231/878/22_60.png
,"[' Shrewsbury Town', ' Rochdale', ' Huddersfield Town', ' Oldham Athletic', ' Fleetwood Town']",219795,J. Coleman,https://cdn.sofifa.com/players/219/795/22_60.png
,"[' Port Vale', ' Bury', ' Burton Albion', ' Wrexham', ' Bolton Wanderers', ' Cheltenham Town']",184282,R. Lainton,https://cdn.sofifa.com/players/184/282/22_60.png
,"[' Hartlepool United', ' Mansfield Town', ' Macclesfield Town', ' Falkirk', ' York City', ' Cheltenham Town']",152523,S. Flinders,https://cdn.sofifa.com/players/152/523/22_60.png
,"[' Albirex Niigata', ' Japan', ' Gamba Osaka']",232441,M. Higashiguchi,https://cdn.sofifa.com/players/232/441/22_60.png
,"[' Carabobo', ' Zamora Fútbol Club', ' Venezuela', ' América de Cali', ' Venezuela U21']",250842,J. Graterol,https://cdn.sofifa.com/players/250/842/22_60.png
,"[' Marítimo', ' Vitória SC', ' APOEL', ' Vitória Guimarães II']",231545,Miguel Silva,https://cdn.sofifa.com/players/231/545/22_60.png
,"[' Rosenborg', ' Sarpsborg 08', ' Viking', ' Start', ' Norway U21', ' Strømmen']",186508,A. Østbø,https://cdn.sofifa.com/players/186/508/22_60.png
,"[' Elmina Sharks', ' Renate', ' JäPS', ' Pordenone', ' Monza', ' Novara']",235840,M. Di Gregorio,https://cdn.sofifa.com/players/235/840/22_60.png
,"[' Atromitos', ' Aris', ' Sporting Charleroi', ' Kortrijk', ' Greece', ' Samsunspor', ' Levadiakos']",150249,17 M. Sifakis,https://cdn.sofifa.com/players/150/249/17_60.png
,"[' Hearts', ' Hearts U21', ' Kilmarnock', ' Bradford City', ' Birmingham City', ' Blackpool']",162901,21 C. Doyle,https://cdn.sofifa.com/players/162/901/21_60.png
,"[' Hannover 96 II', ' Hannover 96', ' Brann', ' Rapid Wien II', ' Barnsley', ' Union St. Florian', ' Ried', ' Nürnberg II']",193272,S. Şahin-Radlinger,https://cdn.sofifa.com/players/193/272/22_60.png
,"[' St. Pauli II', ' Yokohama', ' Germany U23', ' St. Pauli']",222829,S. Brodersen,https://cdn.sofifa.com/players/222/829/22_60.png
,"[' Hereford United', ' Preston North End', ' St. Mirren', ' Port Talbot Town', ' Oldham Athletic', ' Peterborough United', ' Ipswich Town', ' Northampton Town']",190179,D. Cornell,https://cdn.sofifa.com/players/190/179/22_60.png
,"[' Switzerland U21', ' Ascoli', ' NTSV Strand', ' Pyunik II', ' Lugano', ' Wil']",242969,N. Baumann,https://cdn.sofifa.com/players/242/969/22_60.png
,"[' Gaziantep F.K.', ' Bratstvo Gracanica', ' Spartak Moskva', ' Spartak Moskva II', ' Hartenholm', ' Spartak Moskva U19', ' Russia U21', ' Russia']",233791,A. Maksimenko,https://cdn.sofifa.com/players/233/791/22_60.png
,"[' Liefering', ' New York RB', ' Balıkesirspor', ' Horses', ' Salzburg', ' Bethlehem Steel', ' Philadelphia Union']",242084,Carlos Miguel,https://cdn.sofifa.com/players/242/084/22_60.png
,"[' Paraguay', ' Nacional Asunción']",246398,S. Rojas,https://cdn.sofifa.com/players/246/398/22_60.png
,[' Lazio'],4703,08 M. Ballotta,https://cdn.sofifa.com/players/004/703/08_60.png
,"[' Freiburg II', ' Luverdense', ' Verl', ' SC Freiburg']",251285,N. Thiede,https://cdn.sofifa.com/players/251/285/22_60.png
,"[' Ajaccio', ' Evian TG', ' Evian TG II', ' Dijon', ' Tours']",197641,B. Leroy,https://cdn.sofifa.com/players/197/641/22_60.png
,"[' Peterborough United', ' Forest Green Rovers', ' Bradford City', ' Portsmouth']",225361,L. McGee,https://cdn.sofifa.com/players/225/361/22_60.png
,"[' Iceland U19', ' Exeter City', ' Reading', ' Reading U18', ' Iceland U21', ' Reading U23', ' Morecambe', ' Hungerford Town']",244867,J. Andrésson,https://cdn.sofifa.com/players/244/867/22_60.png
,"[' Georgia', ' Lokomotivi Tbilisi', ' Georgia U21', ' Rustavi', ' Valencia']",262621,G. Mamardashvili,https://cdn.sofifa.com/players/262/621/22_60.png
,"[' Holstein Kiel II', ' Borussia Dortmund', ' Holstein Kiel', ' Magdeburg', ' Borussia Dortmund II', ' Borussia Dortmund U19']",228607,D. Reimann,https://cdn.sofifa.com/players/228/607/22_60.png
,"[' Oskarshamns AIK', ' Kalmar', ' Vejle']",211053,L. Johansson,https://cdn.sofifa.com/players/211/053/22_60.png
,"[' Bristol City', ' Ghana', ' Forest Green Rovers', ' Woking', ' Gloucester City', ' Swindon Town', ' Truro City']",230653,J. Wollacott,https://cdn.sofifa.com/players/230/653/22_60.png
,"[' Gazélec Ajaccio', ' Dijon II', ' Dalkurd', ' Örebro', ' Ivry US', ' Olympiakos Piraeus', ' Red Star', ' Dijon']",228912,B. Allain,https://cdn.sofifa.com/players/228/912/22_60.png
,"[' Bosnia-Herzegovina U21', ' Raków Częstochowa', ' Sarajevo']",263032,V. Kovacević,https://cdn.sofifa.com/players/263/032/22_60.png
,"[' Standard Liège', ' Belgium U21']",237525,A. Bodart,https://cdn.sofifa.com/players/237/525/22_60.png
,"[' Brighton U23', ' Walsall', ' Brighton U21', ' Brighton U18']",263339,C. Rushworth,https://cdn.sofifa.com/players/263/339/22_60.png
,"[' Göztepe', ' Bijelo Brdo', ' Turkey U21', ' Fenerbahçe Res.', ' Fenerbahçe', ' Adanaspor', ' Jiskra Domažlice']",234341,I. Eğribayat,https://cdn.sofifa.com/players/234/341/22_60.png
,"[' Niort II', ' Clermont', ' Le Havre', ' Brest II', ' Rodez', ' Niort']",229542,A. Desmas,https://cdn.sofifa.com/players/229/542/22_60.png
,"[' Cardiff City', ' Bohemians', ' Queens Park Rangers', ' Waterford United', ' Portsmouth', ' Ipswich Town']",140420,B. Murphy,https://cdn.sofifa.com/players/140/420/22_60.png
,"[' West Ham United U21', ' Nancy', ' West Ham United U23', ' West Ham United', ' AFC Wimbledon']",238060,N. Trott,https://cdn.sofifa.com/players/238/060/22_60.png
,"[' Wycombe Wanderers', ' Hayes & Yeading United', ' Queens Park Rangers', ' Northampton Town', ' Hull City', ' Oxford City']",204502,M. Ingram,https://cdn.sofifa.com/players/204/502/22_60.png
,"[' Jagodina', ' Reims', ' América de Quito', ' Maccabi Tel Aviv', ' Crvena Zvezda', ' Serbia', ' Mallorca']",241727,P. Rajković,https://cdn.sofifa.com/players/241/727/22_60.png
,"[' Delfin', ' Ecuador', ' Emelec']",250797,P. Ortíz,https://cdn.sofifa.com/players/250/797/22_60.png
,"[' Voždovac', ' Kortrijk', ' Proleter Novi Sad', ' Vojvodina', ' Serbia', ' Serbia U21']",258718,M. Ilic,https://cdn.sofifa.com/players/258/718/22_60.png
,[' Kashima Antlers'],242774,Y. Oki,https://cdn.sofifa.com/players/242/774/22_60.png
,"[' Turkey U20', ' Turkey U21', ' Fenerbahçe', ' Turkey', ' Ankaragücü', ' Sokol Zápy']",243647,A. Bayındır,https://cdn.sofifa.com/players/243/647/22_60.png
,"[' Peru U22', ' Melgar', ' Deportivo Municipal', ' Peru', ' Universitario']",234054,C. Cáceda,https://cdn.sofifa.com/players/234/054/22_60.png
,"[' Panthrakikos', ' AEK Athens', ' Sheriff', ' Greece', ' Asteras Tripolis']",252022,21 G. Athanasiadis,https://cdn.sofifa.com/players/252/022/21_60.png
,"[' FC Utrecht', ' Dallas', ' Netherlands U21', ' Jong Utrecht']",236571,M. Paes,https://cdn.sofifa.com/players/236/571/22_60.png
,"[' AFC Wimbledon', ' Sutton United']",230971,N. Tzanev,https://cdn.sofifa.com/players/230/971/22_60.png
,"[' Croatia', ' Hajduk Split II', ' Banik Kalinovo', ' Hajduk Split', ' Lille', ' Atlético Madrid', ' Lokomotiva Zagreb', ' Croatia U21']",258390,I. Grbić,https://cdn.sofifa.com/players/258/390/22_60.png
,"[' Benevento', ' Virtus Verona', ' Tritium', ' Giana Erminio', ' Genoa', ' Cittadella']",235740,A. Paleari,https://cdn.sofifa.com/players/235/740/22_60.png
,"[' Örgryte', ' Halmstad', ' Falkenberg', ' Varberg BoIS']",213483,S. Lukić,https://cdn.sofifa.com/players/213/483/22_60.png
,"[' Ukraine U21', ' Dynamo Kyiv', ' Ukraine', ' Dynamo Kyiv II']",244385,G. Bushchan,https://cdn.sofifa.com/players/244/385/22_60.png
,"[' Milton Keynes Dons', ' United of Manchester', ' Blackburn Rovers', ' Northampton Town', ' Swansea City', ' Blackburn Rovers U23']",234260,A. Fisher,https://cdn.sofifa.com/players/234/260/22_60.png
,"[' Rentistas', ' Progreso', ' Cerro Largo', ' Ghivizzano Borgo Mozzano', ' Deportes Quindío', ' Villa Teresa']",253846,R. Bentancur,https://cdn.sofifa.com/players/253/846/22_60.png
,"[' Japan', ' Shonan Bellmare', ' Japan U19', ' Gamba Osaka U23', ' Gamba Osaka', ' Japan U23']",238526,K. Tani,https://cdn.sofifa.com/players/238/526/22_60.png
,"[' Reims U19', ' Reims', ' Reims II', ' Quevilly Rouen']",228255,N. Lemaître,https://cdn.sofifa.com/players/228/255/22_60.png
,"[' Lokomotiv Plovdiv', ' FC Bayern München', ' MSV Duisburg', ' Bayern München II', ' VfB Lübeck', ' Bradford City', ' Rot-Weiss Essen', ' Vitória FC']",210019,21 L. Raeder,https://cdn.sofifa.com/players/210/019/21_60.png
,"[' Västerås SK', ' Syrianska IF', ' Östersunds FK', ' Guinea']",231489,A. Keita,https://cdn.sofifa.com/players/231/489/22_60.png
,"[' Estoril', ' Vitória Guimarães II']",262417,Daniel Figueira,https://cdn.sofifa.com/players/262/417/22_60.png
,"[' Bravo', ' Olimpija', ' Krško', ' Slovenia', ' Inter Zaprešić', ' Gil Vicente']",261499,Z. Frelih,https://cdn.sofifa.com/players/261/499/22_60.png
,"[' West Bromwich Albion U23', ' Lincoln City', ' West Brom U18', ' England U21', ' Cheltenham Town']",252773,J. Griffiths,https://cdn.sofifa.com/players/252/773/22_60.png
,"[' Villarrubia', ' Boston United', ' Barrow', ' Bolton Wanderers', ' Gateshead', ' Workington']",216264,J. Dixon,https://cdn.sofifa.com/players/216/264/22_60.png
,"[' Sochaux II', ' Sochaux']",231841,M. Prévot,https://cdn.sofifa.com/players/231/841/22_60.png
,"[' Dorchester Town', ' Oxford United', ' Welling United', ' Havant & Waterlooville', ' Barnet', ' Vaduz', ' Liechtenstein', ' Eschen / Mauren']",193665,21 B. Büchel,https://cdn.sofifa.com/players/193/665/21_60.png
,"[' England U21', ' Saint-Étienne II', ' Saint-Étienne', ' France U21']",259166,E. Green,https://cdn.sofifa.com/players/259/166/22_60.png
,"[' Italy', ' Empoli', ' Perugia', ' Cagliari', ' Venezia']",240091,G. Vicario,https://cdn.sofifa.com/players/240/091/22_60.png
,"[' Ecuador U23', ' Independiente del Valle', ' Ecuador', ' Ecuador U20', ' Real Sociedad II']",256161,W. Ramírez,https://cdn.sofifa.com/players/256/161/22_60.png
,"[' Switzerland U21', ' Liefering', ' Switzerland', ' Salzburg', ' Wil']",239364,P. Köhn,https://cdn.sofifa.com/players/239/364/22_60.png
,"[' Germany U21', "" Borussia M'gladbach U19"", ' Viktoria Köln', ' Osnabrück', "" Borussia M'gladbach II"", ' FC Union Berlin']",235018,M. Nicolas,https://cdn.sofifa.com/players/235/018/22_60.png
,"[' Fleetwood Town', ' Stalybridge Celtic', ' Leeds United']",203215,A. Cairns,https://cdn.sofifa.com/players/203/215/22_60.png
,"[' Fortuna Düsseldorf', ' Augsburg II', ' Stuttgart II']",251292,F. Kastenmeier,https://cdn.sofifa.com/players/251/292/22_60.png
,"[' Korea Republic', ' Heist', ' Korea Republic U23', ' Jeonbuk Motors']",238570,Song Bum Keun,https://cdn.sofifa.com/players/238/570/22_60.png
,"[' Vissel Kobe', ' Yokohama F. Marinos']",232790,H. Iikura,https://cdn.sofifa.com/players/232/790/22_60.png
,"[' Brann', ' Bayer 04 Leverkusen', ' Germany U21', ' Kaiserslautern', ' Kaiserslautern II', ' FC Union Berlin', ' Paraná']",236613,L. Grill,https://cdn.sofifa.com/players/236/613/22_60.png
,"[' Goa', ' Dempo', ' Atlético de Kolkata', ' Jamshedpur', ' Odisha FC', ' Kerala Blasters', ' East Bengal', ' NorthEast United']",193912,S. Roy,https://cdn.sofifa.com/players/193/912/22_60.png
,"[' Sweden', ' Sweden U21', ' IFK Göteborg', ' Gillingham', ' Doncaster Rovers', ' Häcken']",233763,P. Dahlberg,https://cdn.sofifa.com/players/233/763/22_60.png
,"[' Poland U21', ' Radomiak Radom', ' Resovia Rzeszów']",244551,F. Majchrowicz,https://cdn.sofifa.com/players/244/551/22_60.png
,"[' Romania U21', ' Romania U23', ' Chindia Târgovişte', ' Romania', ' SSC Farul']",251036,M. Aioani,https://cdn.sofifa.com/players/251/036/22_60.png
,"[' Tottenham U21', ' Degerfors', ' Tottenham Hotspur', ' Tottenham U23']",236239,A. Whiteman,https://cdn.sofifa.com/players/236/239/22_60.png
,"[' Sagan Tosu', ' Yokohama', ' Yokohama F. Marinos']",244656,Y. Takaoka,https://cdn.sofifa.com/players/244/656/22_60.png
,"[' Finland', ' Dundee United', ' Mjällby', ' PK-35 Vantaa', ' Jönköpings Södra', ' HJK', ' Klubi-04', ' HIFK']",254513,C. Eriksson,https://cdn.sofifa.com/players/254/513/22_60.png
,"[' Energie Cottbus', ' Borussia Dortmund', ' Havelse', ' Stuttgart II', ' Jahn Regensburg', ' Hamburger SV II']",241050,A. Meyer,https://cdn.sofifa.com/players/241/050/22_60.png
,"[' Hungary', ' Pécsi MFC', ' Ferencváros']",221610,D. Dibusz,https://cdn.sofifa.com/players/221/610/22_60.png
,"[' Athletic Club II', ' 1860 München II', ' 1860 München']",243778,M. Hiller,https://cdn.sofifa.com/players/243/778/22_60.png
,"[' Republic of Ireland', ' Republic of Ireland U17', ' Manchester City U19', ' Rochdale', ' Shamrock Rovers', ' Republic of Ireland U21', ' Manchester City U18', ' Manchester City U23', ' Portsmouth']",243585,G. Bazunu,https://cdn.sofifa.com/players/243/585/22_60.png
,"[' Lille U19', ' Lille II', ' Valenciennes II', ' France U18', ' Valenciennes', ' Lille']",251752,L. Chevalier,https://cdn.sofifa.com/players/251/752/22_60.png
,"[' Chippa United', ' Nigeria U23', ' Nigeria', ' Kingston City', ' Kaizer Chiefs']",241769,D. Akpeyi,https://cdn.sofifa.com/players/241/769/22_60.png
,"[' Romania U21', ' Brasília', ' Dinamo Bucureşti', ' Baloteşti']",258420,M. Eșanu,https://cdn.sofifa.com/players/258/420/22_60.png
,"[' Eintracht Braunschweig', ' SpVgg Greuther Fürth', ' Greuther Fürth II', ' Eintracht Braunschw. II', ' Bosnia and Herzegovina', ' Magdeburg', ' Aalen']",169404,J. Fejzić,https://cdn.sofifa.com/players/169/404/22_60.png
,"[' Chelsea U23', ' Chelsea U19', ' Stevenage', ' Chelsea U21', ' Gillingham', ' Chelsea']",238070,J. Cumming,https://cdn.sofifa.com/players/238/070/22_60.png
,"[' XV de Piracicaba', ' São Bento', ' Vila Nova', ' Moreirense']",251503,Mateus Pasinato,https://cdn.sofifa.com/players/251/503/22_60.png
,"[' Central Coast Mariners', ' Tottenham U23', ' Melbourne City', ' Central Coast U21', ' Melbourne City U21', ' Australia U23']",232110,T. Glover,https://cdn.sofifa.com/players/232/110/22_60.png
,"[' 1860 München', ' Wolfsberger AC', ' Rot-Weiss Essen', ' Würzburger Kickers', ' Borussia Dortmund II']",216518,H. Bonmann,https://cdn.sofifa.com/players/216/518/22_60.png
,"[' Sint-Truiden', ' Matsumoto Yamaga', ' Roasso Kumamoto', ' Japan', ' Vegalta Sendai']",237580,D. Schmidt,https://cdn.sofifa.com/players/237/580/22_60.png
,[' Plymouth Argyle'],240987,M. Cooper,https://cdn.sofifa.com/players/240/987/22_60.png
,[' Millonarios'],239961,21 J. Moreno,https://cdn.sofifa.com/players/239/961/21_60.png
,"[' Bursaspor', ' Galatasaray', ' Turkey U21', ' Benesov', ' İstanbulspor', ' Bedem Ivankovo', ' Giresunspor', ' Maji Maji', ' Bandırmaspor']",223175,O. Kocuk,https://cdn.sofifa.com/players/223/175/22_60.png
,"[' Port Vale', ' Torquay United', ' Rio Branco']",262812,Lucas Covolan,https://cdn.sofifa.com/players/262/812/22_60.png
,"[' Goa', ' Mumbai City']",248292,M. Nawaz,https://cdn.sofifa.com/players/248/292/22_60.png
,"[' Le Havre', ' Le Havre II', ' France U19']",242179,Y. Fofana,https://cdn.sofifa.com/players/242/179/22_60.png
,"[' Fuenlabrada', ' Real Oviedo', ' Villarreal U23', ' Villarreal II']",251944,Joan Femenías,https://cdn.sofifa.com/players/251/944/22_60.png
,"[' Shrewsbury Town', ' Wolves U23', ' Montenegro', ' Birmingham City', ' Havant & Waterlooville', ' Montenegro U21', ' Livingston', ' Wolverhampton Wanderers', ' Walter Ferreti', ' Wigan Athletic', ' Aston Villa U23']",231028,M. Šarkić,https://cdn.sofifa.com/players/231/028/22_60.png
,"[' Arda', ' Lokomotiv Plovdiv', ' Lednické Rovne', ' Pirin Razlog', ' Karmiotissa', ' Bulgaria', ' Al Tai', ' Dunav 2010']",253090,M. Lukov,https://cdn.sofifa.com/players/253/090/22_60.png
,"[' Morelia', ' Mexico', ' Mexico U23', ' Necaxa', ' Mexico U22']",232654,L. Malagón,https://cdn.sofifa.com/players/232/654/22_60.png
,"[' Valour', ' Montreal Impact', ' Canada U21', ' Canada']",238919,J. Pantemis,https://cdn.sofifa.com/players/238/919/22_60.png
,"[' Bethlehem Steel', ' Los Angeles FC', ' Las Vegas Lights']",260918,T. Romero,https://cdn.sofifa.com/players/260/918/22_60.png
,"[' Werder Bremen', ' Nordsjælland', ' Werder Bremen II']",258085,E. Dos Santos Haesler,https://cdn.sofifa.com/players/258/085/22_60.png
,"[' Real Monarchs', ' Real Salt Lake', ' United States U20']",247428,D. Ochoa,https://cdn.sofifa.com/players/247/428/22_60.png
,"[' Manchester United U21', ' Manchester United', ' Mansfield Town', ' Manchester United U23', ' Southend United', ' England U20']",237188,N. Bishop,https://cdn.sofifa.com/players/237/188/22_60.png
,"[' Turkey U21', ' Besiktas U19', ' Tuzla City', ' Beşiktaş U21', ' Turkey', ' Turkey U19', ' Beşiktaş']",245370,E. Destanoğlu,https://cdn.sofifa.com/players/245/370/22_60.png
,"[' Stevenage', ' West Ham United U21', ' West Ham United U23', ' West Ham United', ' West Ham U18']",244191,J. Anang,https://cdn.sofifa.com/players/244/191/22_60.png
,"[' Lillestrøm', ' Norway U21']",240489,M. Christiansen,https://cdn.sofifa.com/players/240/489/22_60.png
,"[' Tokyo', ' Tokyo U23', ' Japan U23', ' Japan U22']",241217,G. Hatano,https://cdn.sofifa.com/players/241/217/22_60.png
,"[' Vizela', ' Ingolstadt', ' Ingolstadt II']",234877,F. Buntić,https://cdn.sofifa.com/players/234/877/22_60.png
,"[' Homburg', ' Górnik Zabrze', ' Frosinone', ' Dynamo Dresden', ' Sonnenhof Großaspach']",238674,K. Broll,https://cdn.sofifa.com/players/238/674/22_60.png
,"[' Real Madrid', ' Real Madrid II', ' Fuenlabrada', ' Real Madrid U19']",247411,Altube,https://cdn.sofifa.com/players/247/411/22_60.png
,"[' Germany U17', ' Hallescher FC', ' RB Leipzig U19']",252911,T. Schreiber,https://cdn.sofifa.com/players/252/911/22_60.png
,"[' Vitória SC', ' Czech Republic U21', ' Slovácko']",257827,M. Trmal,https://cdn.sofifa.com/players/257/827/22_60.png
,"[' FC Bayern München', ' Sunderland', ' Bayern München II', ' Bayern München U23', ' Paysandu', ' Bayern U19']",241859,R. Hoffmann,https://cdn.sofifa.com/players/241/859/22_60.png
,"[' Fulham', ' Mauritania', ' AS Eupen', ' Tondela']",234049,B. Niasse,https://cdn.sofifa.com/players/234/049/22_60.png
,"[' Real Sociedad', ' Real Sociedad II', ' Spain U21', ' Real Sociedad III']",259360,Ayesa,https://cdn.sofifa.com/players/259/360/22_60.png
,"[' Podbeskidzie', ' Altay', ' Southampton U21', ' Miedź Legnica', ' Troyes', ' Raków Częstochowa', ' Wisła Kraków']",232007,M. Lis,https://cdn.sofifa.com/players/232/007/22_60.png
,"[' Leicester City U23', ' Sweden U21', ' Alfreton Town', ' Rotherham United', ' Leicester U21', ' Aston Villa U23']",241643,V. Johansson,https://cdn.sofifa.com/players/241/643/22_60.png
,[' Famalicão'],258885,Luiz Júnior,https://cdn.sofifa.com/players/258/885/22_60.png
,"[' Austria Klagenfurt', ' Wolfsburg II', ' Wolfsburg U23', ' Wolfsburg U19', ' Scanzorosciate']",235141,P. Menzel,https://cdn.sofifa.com/players/235/141/22_60.png
,"[' India', ' Goa', ' India U17', ' ATK Mohun Bagan', ' Kerala Blasters', ' Arrows']",247626,D. Singh Moirangthem,https://cdn.sofifa.com/players/247/626/22_60.png
,"[' Floridsdorfer AC', ' Mattersburg II', ' Mattersburg', ' Austria Wien II', ' Rheindorf Altach']",222024,T. Casali,https://cdn.sofifa.com/players/222/024/22_60.png
,"[' Niort II', ' Real Oviedo', ' Nantes II', ' Niort']",231720,Q. Braat,https://cdn.sofifa.com/players/231/720/22_60.png
,"[' Sol de América', ' Deportivo Santaní', ' Cerro Porteño', ' Sportivo Luqueño', ' Independiente FBC', ' River Plate']",254712,21 P. Gavilán,https://cdn.sofifa.com/players/254/712/21_60.png
,"[' Poland U19', ' Legia Warszawa', ' ', ' Radomiak Radom', ' Poland U21']",247866,C. Miszta,https://cdn.sofifa.com/players/247/866/22_60.png
,"[' Hannover 96 II', ' MSV Duisburg', ' Hannover 96', ' Bayern München II']",238503,L. Weinkauf,https://cdn.sofifa.com/players/238/503/22_60.png
,"[' Ghana U20', ' Ghana', ' AS Eupen']",239076,A. Nurudeen,https://cdn.sofifa.com/players/239/076/22_60.png
,"[' Hamburger SV II', ' Darmstadt 98', ' Wehen Wiesbaden']",208776,F. Stritzel,https://cdn.sofifa.com/players/208/776/22_60.png
,"[' France U21', ' RFC Seraing', ' France U19', ' Metz II']",246740,G. Dietsch,https://cdn.sofifa.com/players/246/740/22_60.png
,[' Daegu'],245074,Choi Young Eun,https://cdn.sofifa.com/players/245/074/22_60.png
,"[' Freiburg II', ' Freiburg U19']",263023,N. Sauter,https://cdn.sofifa.com/players/263/023/22_60.png
,"[' Djurgården', ' Lidingö']",247022,J. Zetterström,https://cdn.sofifa.com/players/247/022/22_60.png
,"[' India', ' Chennaiyin', ' Pune City', ' Shillong Lajong']",245164,V. Kaith,https://cdn.sofifa.com/players/245/164/22_60.png
,"[' Manchester City U21', ' England U17', ' Accrington Stanley', ' Manchester City', ' Manchester City U18', ' Manchester City U23']",263063,J. Trafford,https://cdn.sofifa.com/players/263/063/22_60.png
