idx,player_name,player_pics,teams
10,M. Riemann,https://cdn.sofifa.com/players/199/339/22_60.png,"{' Sandhausen', ' Osnabrück', ' VfL Bochum 1848'}"
2,Ederson,https://cdn.sofifa.com/players/210/257/22_60.png,"{' Manchester City', ' Rio Ave', ' Benfica', ' Brazil'}"
4,J. Pickford,https://cdn.sofifa.com/players/204/935/22_60.png,"{' Sunderland', ' Everton', ' Burton Albion', ' Preston North End', ' Carlisle United', ' Bradford City', ' England'}"
6,M. Maignan,https://cdn.sofifa.com/players/215/698/22_60.png,"{' Milan', ' Paris Saint Germain', ' France', ' Lille'}"
8,P. Gazzaniga,https://cdn.sofifa.com/players/205/186/22_60.png,"{' Southampton', ' Girona', ' Fulham', ' Tottenham Hotspur', ' Gillingham', ' Rayo Vallecano', ' Elche'}"
12,L. Hoyos,https://cdn.sofifa.com/players/224/348/22_60.png,"{' Atlético Rafaela', ' Vélez Sarsfield', "" Newell's Old Boys""}"
7,E. Martínez,https://cdn.sofifa.com/players/202/811/22_60.png,"{' Sheffield Wednesday', ' Reading', ' Aston Villa', ' Arsenal', ' Wolverhampton Wanderers', ' Argentina', ' Rotherham United', ' Getafe'}"
9,M. ter Stegen,https://cdn.sofifa.com/players/192/448/22_60.png,"{' Borussia Mönchengladbach', ' FC Barcelona', ' Germany'}"
5,21 A. Onana,https://cdn.sofifa.com/players/226/753/21_60.png,"{' Ajax', ' Cameroon', ' Inter'}"
11,De Gea,https://cdn.sofifa.com/players/193/080/22_60.png,"{' Manchester United', ' Atlético Madrid', ' Spain'}"
3,M. Neuer,https://cdn.sofifa.com/players/167/495/22_60.png,"{' Schalke 04', ' FC Bayern München', ' Germany'}"
13,J. Oblak,https://cdn.sofifa.com/players/200/389/22_60.png,"{' Atlético Madrid', ' Benfica', ' Slovenia', ' Rio Ave', ' União de Leiria', ' Beira-Mar'}"
1,14 Rogério Ceni,https://cdn.sofifa.com/players/021/570/14_60.png,{' São Paulo'}
0,L. Messi,https://cdn.sofifa.com/players/158/023/22_60.png,"{' Paris Saint Germain', ' FC Barcelona', ' Argentina'}"
14,R. Ofori,https://cdn.sofifa.com/players/257/439/22_60.png,"{' Ghana', ' Orlando Pirates'}"
15,E. Unsain,https://cdn.sofifa.com/players/222/511/22_60.png,"{"" Newell's Old Boys"", ' Defensa y Justicia'}"
21,A. Lopes,https://cdn.sofifa.com/players/199/482/22_60.png,"{' Portugal', ' Olympique Lyonnais'}"
18,F. Muslera,https://cdn.sofifa.com/players/182/494/22_60.png,"{' Galatasaray', ' Lazio', ' Uruguay'}"
17,Alisson,https://cdn.sofifa.com/players/212/831/22_60.png,"{' Brazil', ' Liverpool', ' Roma', ' Internacional'}"
22,H. Lloris,https://cdn.sofifa.com/players/167/948/22_60.png,"{' Tottenham Hotspur', ' France', ' Nice', ' Olympique Lyonnais'}"
24,A. Marchesín,https://cdn.sofifa.com/players/201/095/22_60.png,"{' Lanús', ' América', ' Argentina', ' Porto', ' Celta de Vigo', ' Santos Laguna'}"
20,G. Donnarumma,https://cdn.sofifa.com/players/230/621/22_60.png,"{' Milan', ' Paris Saint Germain', ' Italy'}"
19,S. Ortega,https://cdn.sofifa.com/players/200/159/22_60.png,"{' Manchester City', ' 1860 München', ' DSC Arminia Bielefeld'}"
27,K. Schmeichel,https://cdn.sofifa.com/players/163/587/22_60.png,"{' Notts County', ' Leicester City', ' Nice', ' Leeds United', ' Manchester City', ' Denmark'}"
25,Rui Patrício,https://cdn.sofifa.com/players/178/005/22_60.png,"{' Portugal', ' Sporting CP', ' Roma', ' Wolverhampton Wanderers'}"
16,N. Guzmán,https://cdn.sofifa.com/players/176/919/22_60.png,"{' Tigres UANL', "" Newell's Old Boys"", ' Argentina'}"
33,J. Hansen,https://cdn.sofifa.com/players/132/740/22_60.png,"{' Bastia', ' Evian TG', ' Midtjylland', ' Lyngby', ' AGF', ' Nordsjælland', ' Denmark'}"
23,Guaita,https://cdn.sofifa.com/players/189/690/22_60.png,"{' Valencia', ' Crystal Palace', ' Recreativo Huelva', ' Getafe'}"
30,J. Omlin,https://cdn.sofifa.com/players/223/550/22_60.png,"{' Montpellier', ' Luzern', ' Switzerland', ' Basel'}"
35,M. Borjan,https://cdn.sofifa.com/players/205/211/22_60.png,"{' Canada', ' Korona Kielce'}"
34,Pau López,https://cdn.sofifa.com/players/221/087/22_60.png,"{' Spain', ' Roma', ' Tottenham Hotspur', ' Olympique Marseille', ' 114912', ' Espanyol', ' Real Betis'}"
28,B. Leno,https://cdn.sofifa.com/players/192/563/22_60.png,"{' Bayer 04 Leverkusen', ' Germany', ' Fulham', ' Arsenal'}"
31,Nelsildo Reis,https://cdn.sofifa.com/players/230/318/22_60.png,"{' Internacional', ' Athletico PR', ' Ceará', ' Botafogo', ' Coritiba'}"
38,D. Livaković,https://cdn.sofifa.com/players/241/671/22_60.png,"{' Dinamo Zagreb', ' Croatia'}"
32,14 M. Landreau,https://cdn.sofifa.com/players/003/813/14_60.png,"{' Lille', ' Paris Saint Germain', ' France', ' Bastia'}"
37,A. Talavera,https://cdn.sofifa.com/players/156/433/22_60.png,"{' Toluca', ' Guadalajara', ' Mexico', ' Pumas UNAM', ' Tigres UANL'}"
26,14 Fábio,https://cdn.sofifa.com/players/135/339/14_60.png,"{' Brazil', ' Cruzeiro'}"
39,J. Drommel,https://cdn.sofifa.com/players/228/279/22_60.png,"{' FC Twente', ' Netherlands', ' PSV'}"
29,Y. Sommer,https://cdn.sofifa.com/players/177/683/22_60.png,"{' Borussia Mönchengladbach', ' Basel', ' Vaduz', ' Grasshopper', ' Switzerland'}"
36,L. Burián,https://cdn.sofifa.com/players/176/526/22_60.png,"{' Colón', ' Chiapas', ' Vélez Sarsfield', ' Godoy Cruz', ' Deportes Tolima'}"
42,T. Courtois,https://cdn.sofifa.com/players/192/119/22_60.png,"{' Chelsea', ' Atlético Madrid', ' Real Madrid', ' Belgium', ' Genk'}"
40,Aitor,https://cdn.sofifa.com/players/193/314/22_60.png,"{' Villarreal', ' Levante', ' Athletic Club', ' Osasuna', ' Numancia'}"
43,Adán,https://cdn.sofifa.com/players/178/086/22_60.png,"{' Atlético Madrid', ' Real Madrid II', ' Real Madrid', ' Sporting CP', ' Cagliari', ' Real Betis'}"
51,T. Vaclík,https://cdn.sofifa.com/players/204/120/22_60.png,"{' Olympiakos Piraeus', ' Czech Republic', ' Sevilla', ' Basel'}"
47,Andrés Fernández,https://cdn.sofifa.com/players/146/296/22_60.png,"{' Villarreal', ' Osasuna', ' Huesca', ' Granada', ' Porto'}"
48,Pepe Reina,https://cdn.sofifa.com/players/024/630/22_60.png,"{' Aston Villa', ' Spain', ' FC Bayern München', ' Villarreal', ' Lazio', ' Milan', ' Liverpool', ' Napoli'}"
49,W. Szczęsny,https://cdn.sofifa.com/players/186/153/22_60.png,"{' Brentford', ' Roma', ' Juventus', ' Arsenal', ' Poland'}"
50,G. Herrera,https://cdn.sofifa.com/players/215/251/22_60.png,"{' Yeni Malatyaspor', ' Talleres Córdoba'}"
41,C. Lucchetti,https://cdn.sofifa.com/players/156/483/22_60.png,"{' Atlético Tucumán', ' Boca Juniors'}"
55,K. Casteels,https://cdn.sofifa.com/players/192/984/22_60.png,"{' TSG Hoffenheim', ' Belgium', ' Werder Bremen', ' Genk', ' VfL Wolfsburg'}"
56,G. Rulli,https://cdn.sofifa.com/players/215/316/22_60.png,"{' Villarreal', ' Montpellier', ' Real Sociedad', ' Argentina', ' Estudiantes'}"
45,14 Pinto,https://cdn.sofifa.com/players/110/082/14_60.png,"{' Celta de Vigo', ' FC Barcelona'}"
46,U. Çakır,https://cdn.sofifa.com/players/226/300/22_60.png,"{' Turkey', ' Trabzonspor'}"
52,14 Cássio,https://cdn.sofifa.com/players/167/958/14_60.png,"{' Grêmio', ' Sparta Rotterdam', ' PSV', ' Corinthians'}"
44,J. Bursik,https://cdn.sofifa.com/players/240/784/22_60.png,"{' Peterborough United', ' Doncaster Rovers', ' Accrington Stanley', ' Stoke City'}"
53,Kiko Casilla,https://cdn.sofifa.com/players/177/644/22_60.png,"{' Real Madrid II', ' Spain', ' Real Madrid', ' Leeds United', ' Cádiz', ' Espanyol', ' Elche', ' Getafe', ' FC Cartagena'}"
57,Juan Carlos,https://cdn.sofifa.com/players/194/730/22_60.png,"{' Hércules', ' Girona', ' Córdoba', ' Lugo', ' Rayo Vallecano', ' Elche'}"
60,L. Mejía,https://cdn.sofifa.com/players/202/089/22_60.png,"{' Toulouse', ' Fénix', ' Unión Española', ' Nacional'}"
59,V. Stojković,https://cdn.sofifa.com/players/167/993/22_60.png,"{' Al Feiha', ' Nantes', ' Wigan Athletic', ' Sporting CP', ' Serbia', ' Nottingham Forest', ' Vitesse', ' Getafe'}"
54,A. Federici,https://cdn.sofifa.com/players/164/853/22_60.png,"{' Reading', ' Australia', ' AFC Bournemouth', ' Stoke City', ' Macarthur'}"
61,A. McGregor,https://cdn.sofifa.com/players/049/000/22_60.png,"{' Scotland', ' Hull City', ' Cardiff City', ' Rangers'}"
63,G. Arias,https://cdn.sofifa.com/players/223/249/22_60.png,"{' Racing Club', ' Chile', ' Defensa y Justicia'}"
64,P. Gulácsi,https://cdn.sofifa.com/players/185/122/22_60.png,"{' Hungary', ' Salzburg', ' RB Leipzig', ' Hereford United', ' Liverpool', ' Hull City'}"
58,V. Milinković-Savić,https://cdn.sofifa.com/players/224/836/22_60.png,"{' Manchester United', ' Standard Liège', ' Lechia Gdańsk', ' SPAL', ' Ascoli', ' Torino'}"
65,Pacheco,https://cdn.sofifa.com/players/209/960/22_60.png,"{' Almería', ' Real Madrid II', ' Deportivo Alavés', ' Real Madrid'}"
66,D. von Ballmoos,https://cdn.sofifa.com/players/219/244/22_60.png,"{' Young Boys', ' Switzerland'}"
71,Cantero,https://cdn.sofifa.com/players/219/637/22_60.png,"{' Villarreal', ' SD Eibar', ' Lugo', ' Osasuna', ' Rayo Majadahonda'}"
68,M. Pigliacelli,https://cdn.sofifa.com/players/205/530/22_60.png,"{' Trapani', ' Roma', ' Universitatea Craiova', ' Pro Vercelli', ' Frosinone', ' Sassuolo', ' Reggina', ' Pescara', ' Palermo'}"
62,Diego Mariño,https://cdn.sofifa.com/players/199/493/22_60.png,"{' Real Valladolid', ' Sporting Gijón', ' Villarreal', ' Villarreal II', ' Levante'}"
67,David Raya,https://cdn.sofifa.com/players/220/901/22_60.png,"{' Brentford', ' Spain', ' Blackburn Rovers'}"
69,S. Sosa,https://cdn.sofifa.com/players/205/409/22_60.png,"{' Independiente', ' Morelia', ' Vélez Sarsfield', ' Mazatlán', ' Pachuca', ' Boca Juniors', ' Rosario Central'}"
73,S. Handanovič,https://cdn.sofifa.com/players/162/835/22_60.png,"{' Rimini', ' Udinese', ' Slovenia', ' Inter'}"
70,J. Zoet,https://cdn.sofifa.com/players/190/778/22_60.png,"{' Netherlands', ' PSV', ' 113974', ' Spezia', ' FC Utrecht', ' RKC Waalwijk'}"
72,A. Rossi,https://cdn.sofifa.com/players/227/275/22_60.png,"{' Lanús', ' Defensa y Justicia', ' Antofagasta', ' 114149', ' Estudiantes', ' Boca Juniors'}"
79,Unai Simón,https://cdn.sofifa.com/players/230/869/22_60.png,"{' Spain', ' Elche', ' Athletic Club'}"
76,S. Mignolet,https://cdn.sofifa.com/players/173/426/22_60.png,"{' Sunderland', ' Belgium', ' Sint-Truiden', ' Liverpool', ' Club Brugge'}"
74,Álex Remiro,https://cdn.sofifa.com/players/227/127/22_60.png,"{' Athletic Club II', ' Real Sociedad', ' Athletic Club', ' Huesca', ' Levante'}"
77,G. Güvenç,https://cdn.sofifa.com/players/211/908/22_60.png,"{' Gaziantep F.K.', ' Beşiktaş', ' Mersin İdman yurdu', ' Göztepe'}"
85,N. Pope,https://cdn.sofifa.com/players/203/841/22_60.png,"{' Charlton Athletic', ' York City', ' Newcastle United', ' Burnley', ' Bury', ' England'}"
87,David Soria,https://cdn.sofifa.com/players/223/952/22_60.png,"{' Sevilla', ' Getafe'}"
88,P. Pentz,https://cdn.sofifa.com/players/228/505/22_60.png,"{' Reims', ' Austria', ' Austria Wien'}"
78,C. Vargas,https://cdn.sofifa.com/players/212/067/22_60.png,"{' Atlético Nacional', ' Atlas', ' Colombia', ' Deportivo Cali', ' Argentinos Juniors', ' Santa Fe'}"
84,H. Van Crombrugge,https://cdn.sofifa.com/players/204/308/22_60.png,"{' Anderlecht', ' Belgium', ' Sint-Truiden', ' AS Eupen'}"
89,W. Hahn,https://cdn.sofifa.com/players/222/900/22_60.png,"{' Anderlecht', ' Excelsior', ' PEC Zwolle', ' Go Ahead Eagles', ' IFK Göteborg', ' Feyenoord', ' SC Heerenveen'}"
82,G. Castellón,https://cdn.sofifa.com/players/219/941/22_60.png,"{' Chile', ' Santiago Wanderers', ' Huachipato'}"
86,M. Campaña,https://cdn.sofifa.com/players/225/647/22_60.png,"{' Al Batin', ' Uruguay', ' Independiente'}"
80,W. Benítez,https://cdn.sofifa.com/players/215/223/22_60.png,"{' Quilmes', ' Nice', ' PSV'}"
75,S. Nishikawa,https://cdn.sofifa.com/players/217/646/22_60.png,{' Urawa Reds'}
83,21 M. Fraga,https://cdn.sofifa.com/players/169/321/21_60.png,"{' Atlas', ' Morelia', ' Mazatlán', ' Querétaro', ' Pumas UNAM'}"
91,11 E. van der Sar,https://cdn.sofifa.com/players/051/539/11_60.png,"{' Manchester United', ' 114815'}"
90,Roberto,https://cdn.sofifa.com/players/183/666/22_60.png,"{' Real Valladolid', ' Atlético Madrid', ' Real Zaragoza', ' Benfica', ' Olympiakos Piraeus', ' Recreativo Huelva', ' West Ham United', ' Deportivo Alavés', ' Gimnàstic Tarragona', ' Espanyol', ' Málaga'}"
95,E. Room,https://cdn.sofifa.com/players/189/084/22_60.png,"{' Columbus Crew', ' Go Ahead Eagles', ' Vitesse', ' PSV'}"
92,M. Schuhen,https://cdn.sofifa.com/players/209/987/22_60.png,"{' Sandhausen', ' Darmstadt 98', ' FC Köln'}"
93,G. Buffon,https://cdn.sofifa.com/players/001/179/22_60.png,"{' Paris Saint Germain', ' Italy', ' Juventus', ' Parma'}"
97,S. Viera,https://cdn.sofifa.com/players/161/663/22_60.png,"{' Villarreal', ' Uruguay', ' Junior'}"
94,P. Carlgren,https://cdn.sofifa.com/players/216/750/22_60.png,"{' AIK', ' Sweden', ' Randers', ' Konyaspor', ' Nordsjælland'}"
101,Lucas Mantela,https://cdn.sofifa.com/players/230/182/22_60.png,"{' Brazil', ' Athletico PR', ' Palmeiras'}"
102,J. Alnwick,https://cdn.sofifa.com/players/204/354/22_60.png,"{' Blackpool', ' Port Vale', ' Scunthorpe United', ' Newcastle United', ' Rangers', ' Bradford City', ' St. Mirren', ' Cardiff City'}"
81,E. Andrada,https://cdn.sofifa.com/players/205/849/22_60.png,"{' Lanús', ' 114149', ' Argentina', ' Arsenal de Sarandi', ' Monterrey', ' Boca Juniors'}"
96,Munir,https://cdn.sofifa.com/players/223/573/22_60.png,"{' Morocco', ' Numancia', ' Al Wahda', ' Málaga', ' Hatayspor'}"
99,O. Baumann,https://cdn.sofifa.com/players/193/698/22_60.png,"{' TSG Hoffenheim', ' SC Freiburg', ' Germany'}"
98,L. Fabiański,https://cdn.sofifa.com/players/164/835/22_60.png,"{' Swansea City', ' Legia Warszawa', ' West Ham United', ' Arsenal', ' Poland'}"
100,J. Huth,https://cdn.sofifa.com/players/229/692/22_60.png,"{' FSV Mainz 05', ' Paderborn', ' Sparta Rotterdam'}"
103,O. Vlachodimos,https://cdn.sofifa.com/players/211/990/22_60.png,"{' Benfica', ' Panathinaikos', ' VfB Stuttgart', ' Greece'}"
106,J. Siebenhandl,https://cdn.sofifa.com/players/193/277/22_60.png,"{' Admira', ' Würzburger Kickers', ' Austria', ' Wiener Neustadt', ' Sturm Graz'}"
110,M. Bizot,https://cdn.sofifa.com/players/200/110/22_60.png,"{' Netherlands', ' AZ', ' Brest', ' Genk', ' FC Groningen'}"
111,Y. Bounou,https://cdn.sofifa.com/players/209/981/22_60.png,"{' Atlético Madrid', ' Real Zaragoza', ' Girona', ' Morocco', ' Sevilla'}"
105,Dani Jiménez,https://cdn.sofifa.com/players/194/934/22_60.png,"{' Leganés', ' Alcorcón', ' Sevilla', ' Mirandés'}"
104,A. Hansen,https://cdn.sofifa.com/players/190/459/22_60.png,"{' Lillestrøm', ' Rosenborg', ' Odd', ' Norway'}"
112,M. Crépeau,https://cdn.sofifa.com/players/213/536/22_60.png,"{' Canada', ' Vancouver Whitecaps', ' Montreal Impact', ' Los Angeles FC'}"
108,G. Ochoa,https://cdn.sofifa.com/players/140/233/22_60.png,"{' Standard Liège', ' Ajaccio', ' América', ' Mexico', ' Málaga', ' Granada'}"
114,J. Lewis,https://cdn.sofifa.com/players/156/253/22_60.png,"{' Peterborough United', ' Aberdeen', ' Blackpool', ' Fulham', ' Norwich City', ' Morecambe', ' Cardiff City'}"
113,S. Scuffet,https://cdn.sofifa.com/players/220/048/22_60.png,"{' APOEL', ' 113974', ' Italy', ' Spezia', ' CFR Cluj', ' Udinese', ' Como', ' Kasımpaşa'}"
116,B. Peacock-Farrell,https://cdn.sofifa.com/players/229/091/22_60.png,"{' Sheffield Wednesday', ' Burnley', ' Leeds United', ' Northern Ireland'}"
109,D. Subašić,https://cdn.sofifa.com/players/192/593/22_60.png,"{' Hajduk Split', ' Monaco', ' Croatia'}"
107,20 J. Herrera,https://cdn.sofifa.com/players/174/542/20_60.png,"{' Everton', ' Universidad Chile', ' Chile'}"
115,V. Hladký,https://cdn.sofifa.com/players/202/617/22_60.png,"{' St. Mirren', ' Zbrojovka Brno', ' Salford City', ' Ipswich Town'}"
117,A. McCarthy,https://cdn.sofifa.com/players/189/324/22_60.png,"{' Southampton', ' Reading', ' Ipswich Town', ' Queens Park Rangers', ' Aldershot Town', ' Crystal Palace', ' Yeovil Town', ' England'}"
118,J. Rinne,https://cdn.sofifa.com/players/221/584/22_60.png,"{' AaB', ' Örebro', ' Al Fateh', ' Sweden', ' Gent'}"
120,21 A. Lindegaard,https://cdn.sofifa.com/players/135/043/21_60.png,"{' Manchester United', ' Aalesund', ' OB', ' Preston North End', ' West Bromwich Albion', ' Helsingborg', ' Burnley', ' Denmark'}"
127,Matheus,https://cdn.sofifa.com/players/208/104/22_60.png,"{' Sporting Braga', ' América Mineiro'}"
123,S. Sirigu,https://cdn.sofifa.com/players/168/435/22_60.png,"{' Paris Saint Germain', ' Italy', ' Ancona', ' Sevilla', ' Genoa', ' Torino', ' Osasuna', ' Napoli', ' Palermo'}"
131,K. Trapp,https://cdn.sofifa.com/players/188/943/22_60.png,"{' Eintracht Frankfurt', ' Kaiserslautern', ' Paris Saint Germain', ' Germany'}"
125,Yan Junling,https://cdn.sofifa.com/players/224/599/22_60.png,"{' China PR', ' Shanghai SIPG'}"
119,T. Krul,https://cdn.sofifa.com/players/170/597/22_60.png,"{' Brighton & Hove Albion', ' Netherlands', ' Newcastle United', ' AZ', ' Norwich City', ' Falkirk', ' Ajax'}"
124,S. Johnstone,https://cdn.sofifa.com/players/206/075/22_60.png,"{' Manchester United', ' Walsall', ' Aston Villa', ' Preston North End', ' West Bromwich Albion', ' Crystal Palace', ' Doncaster Rovers', ' Yeovil Town', ' England'}"
132,D. Bouzanis,https://cdn.sofifa.com/players/181/468/22_60.png,"{' Reading', ' Accrington Stanley', ' PEC Zwolle', ' Oldham Athletic', ' Sutton United', ' Carlisle United', ' Liverpool', ' Melbourne City', ' Western Sydney Wanderers'}"
126,A. Gomis,https://cdn.sofifa.com/players/201/976/22_60.png,"{' Avellino', ' Crotone', ' Rennes', ' Cesena', ' SPAL', ' Salernitana', ' Dijon', ' Torino', ' Bologna'}"
121,L. García,https://cdn.sofifa.com/players/211/033/22_60.png,"{' Toluca', ' Chiapas', ' Querétaro'}"
130,21 Denis,https://cdn.sofifa.com/players/182/087/21_60.png,"{' Gil Vicente', ' Ponte Preta', ' São Paulo'}"
122,I. Akinfeev,https://cdn.sofifa.com/players/148/119/22_60.png,"{' CSKA Moskva', ' Russia'}"
129,21 M. El Shenawy,https://cdn.sofifa.com/players/228/182/21_60.png,{' Egypt'}
128,21 K. Westwood,https://cdn.sofifa.com/players/172/939/21_60.png,"{' Sheffield Wednesday', ' Sunderland', ' Queens Park Rangers', ' Coventry City', ' Republic of Ireland', ' Carlisle United'}"
134,L. Acosta,https://cdn.sofifa.com/players/220/624/22_60.png,"{' Sarmiento', ' Lanús', ' Belgrano'}"
138,S. Johnson,https://cdn.sofifa.com/players/190/780/22_60.png,"{' Chicago Fire', ' New York City', ' United States'}"
137,S. Rossbach,https://cdn.sofifa.com/players/213/729/22_60.png,"{' Vålerenga', ' Odd', ' Norway'}"
135,T. Melia,https://cdn.sofifa.com/players/200/463/22_60.png,"{' Chivas USA', ' Real Salt Lake', ' Sporting KC'}"
136,M. Silvestri,https://cdn.sofifa.com/players/190/745/22_60.png,"{' Padova', ' Chievo', ' Leeds United', ' Cagliari', ' Udinese', ' Hellas Verona', ' Modena'}"
133,S. Bolat,https://cdn.sofifa.com/players/162/220/22_60.png,"{' Westerlo', ' Standard Liège', ' Turkey', ' Arouca', ' Genk', ' Nacional', ' Galatasaray', ' Antwerp', ' Porto', ' Club Brugge', ' Gent'}"
139,P. Gallese,https://cdn.sofifa.com/players/225/701/22_60.png,"{' Veracruz', ' Peru', ' Orlando City'}"
142,A. Lafont,https://cdn.sofifa.com/players/231/691/22_60.png,"{' Nantes', ' Fiorentina', ' Toulouse'}"
140,Manolo Reina,https://cdn.sofifa.com/players/173/178/22_60.png,"{' Mallorca', ' Gimnàstic Tarragona', ' Málaga', ' FC Cartagena', ' Levante'}"
143,W. Yarbrough,https://cdn.sofifa.com/players/186/998/22_60.png,"{' Colorado Rapids', ' León', ' United States'}"
141,P. Jensen,https://cdn.sofifa.com/players/231/237/22_60.png,"{' Nordsjælland', ' AZ'}"
145,J. Bijlow,https://cdn.sofifa.com/players/232/229/22_60.png,"{' Feyenoord', ' Netherlands'}"
146,M. Sels,https://cdn.sofifa.com/players/199/641/22_60.png,"{' Anderlecht', ' Newcastle United', ' Belgium', ' Strasbourg', ' Lierse', ' Gent'}"
144,17 Victor Valdés,https://cdn.sofifa.com/players/106/573/17_60.png,"{' Manchester United', ' Standard Liège', ' Spain', ' Middlesbrough', ' FC Barcelona'}"
147,Herrerín,https://cdn.sofifa.com/players/193/152/22_60.png,"{' Leganés', ' Atlético Madrid', ' Al Raed', ' Athletic Club', ' Valencia', ' Numancia'}"
148,Robert Sanchéz,https://cdn.sofifa.com/players/228/789/22_60.png,"{' Brighton & Hove Albion', ' Forest Green Rovers', ' Spain', ' Rochdale'}"
149,S. Dioudis,https://cdn.sofifa.com/players/207/683/22_60.png,"{' Greece', ' Panathinaikos', ' Club Brugge'}"
151,J. Hart,https://cdn.sofifa.com/players/150/724/22_60.png,"{' Celtic', ' Tottenham Hotspur', ' West Ham United', ' Torino', ' Burnley', ' Birmingham City', ' Manchester City', ' England'}"
152,A. Oukidja,https://cdn.sofifa.com/players/176/772/22_60.png,"{' Metz', ' Strasbourg', ' Lille'}"
155,B. Drągowski,https://cdn.sofifa.com/players/215/502/22_60.png,"{' Spezia', ' Fiorentina', ' Poland', ' Jagiellonia Białystok', ' Empoli'}"
157,Bracali,https://cdn.sofifa.com/players/178/571/22_60.png,"{' Boavista', ' Olhanense', ' Arouca', ' Nacional', ' Porto'}"
150,21 Gu Chao,https://cdn.sofifa.com/players/222/342/21_60.png,"{' Jiangsu Suning', ' China PR', ' Hangzhou'}"
154,José Sá,https://cdn.sofifa.com/players/212/442/22_60.png,"{' Olympiakos Piraeus', ' Marítimo', ' Wolverhampton Wanderers', ' Portugal', ' Porto'}"
156,A. Aguilar,https://cdn.sofifa.com/players/228/231/22_60.png,"{' Paraguay', ' Olimpia'}"
159,S. Kritsyuk,https://cdn.sofifa.com/players/213/150/22_60.png,"{' Gil Vicente', ' Rio Ave', ' Belenenses', ' Krasnodar', ' Russia', ' Sporting Braga'}"
160,A. Cragno,https://cdn.sofifa.com/players/205/659/22_60.png,"{' Virtus Lanciano', ' Italy', ' Cagliari', ' Monza', ' Benevento', ' Brescia'}"
161,Simão Donatinho,https://cdn.sofifa.com/players/230/165/22_60.png,"{' Internacional', ' Athletico PR', ' América Mineiro', ' Atlético Mineiro', ' Corinthians', ' Cruzeiro'}"
162,K. Nordfeldt,https://cdn.sofifa.com/players/192/129/22_60.png,"{' AIK', ' Swansea City', ' Sweden', ' Gençlerbirliği', ' SC Heerenveen', ' Brommapojkarna'}"
164,D. Bentley,https://cdn.sofifa.com/players/198/350/22_60.png,"{' Southend United', ' Brentford', ' Bristol City'}"
153,A. Al Mayoof,https://cdn.sofifa.com/players/210/140/22_60.png,"{' Al Hilal', ' Al Ahli Jeddah', ' Saudi Arabia'}"
158,T. Kaminski,https://cdn.sofifa.com/players/188/400/22_60.png,"{' OH Leuven', ' Blackburn Rovers', ' Anderlecht', ' Kortrijk', ' København', ' Beerschot', ' Gent'}"
163,Riesgo,https://cdn.sofifa.com/players/110/974/22_60.png,"{' Leganés', ' Girona', ' Real Sociedad', ' SD Eibar', ' Recreativo Huelva', ' Osasuna'}"
165,C. MacGillivray,https://cdn.sofifa.com/players/223/727/22_60.png,"{' Charlton Athletic', ' Scotland', ' Walsall', ' Shrewsbury Town', ' Portsmouth'}"
171,A. Aguerre,https://cdn.sofifa.com/players/215/123/22_60.png,"{' Talleres Córdoba', ' Vélez Sarsfield', "" Newell's Old Boys""}"
169,Fernando,https://cdn.sofifa.com/players/205/288/22_60.png,"{' Real Murcia', ' Almería', ' UCAM Murcia'}"
172,J. Blaswich,https://cdn.sofifa.com/players/204/092/22_60.png,"{' Hansa Rostock', ' Heracles Almelo', ' RB Leipzig', ' Borussia Mönchengladbach'}"
173,J. Butez,https://cdn.sofifa.com/players/225/149/22_60.png,"{' Antwerp', ' Royal Excel Mouscron', ' Lille'}"
167,P. Kieszek,https://cdn.sofifa.com/players/148/526/22_60.png,"{' Rio Ave', ' Córdoba', ' Estoril', ' Vitória FC', ' Sporting Braga', ' Roda JC Kerkrade', ' Wisła Kraków', ' Málaga', ' Porto'}"
174,A. Pyatov,https://cdn.sofifa.com/players/142/902/22_60.png,"{' Ukraine', ' Shakhtar Donetsk'}"
168,20 T. Howard,https://cdn.sofifa.com/players/016/254/20_60.png,"{' Colorado Rapids', ' Everton', ' United States'}"
170,H. González,https://cdn.sofifa.com/players/186/990/22_60.png,"{' Juárez', ' Necaxa', ' América', ' Mexico', ' Monterrey'}"
176,21 R. Williams,https://cdn.sofifa.com/players/213/615/21_60.png,"{' Mamelodi Sundowns', ' South Africa'}"
166,J. Musso,https://cdn.sofifa.com/players/214/979/22_60.png,"{' Udinese', ' Racing Club', ' Atalanta', ' Argentina'}"
177,R. Rey,https://cdn.sofifa.com/players/215/069/22_60.png,"{' Gimnasia La Plata', "" Newell's Old Boys"", ' PAOK', ' Godoy Cruz', ' Pachuca'}"
178,M. Gersbeck,https://cdn.sofifa.com/players/213/573/22_60.png,"{' Hertha BSC', ' Karlsruher SC', ' Osnabrück'}"
175,Guilherme,https://cdn.sofifa.com/players/180/714/22_60.png,"{' Lokomotiv Moskva', ' Russia'}"
181,T. Carson,https://cdn.sofifa.com/players/166/764/22_60.png,"{' Sunderland', ' Hartlepool United', ' Cheltenham Town', ' Dundee United', ' Portsmouth', ' Chesterfield', ' Lincoln City', ' Bury', ' Morecambe', ' Northern Ireland', ' Motherwell', ' Hull City', ' St. Mirren'}"
179,21 Beto,https://cdn.sofifa.com/players/182/629/21_60.png,"{' Farense', ' Göztepe', ' Sevilla', ' Sporting CP', ' Leixões', ' Portugal', ' Sporting Braga', ' Porto'}"
180,20 A. Kwarasey,https://cdn.sofifa.com/players/165/564/20_60.png,"{' Rosenborg', ' Brøndby', ' Portland Timbers', ' Strømsgodset', ' Vålerenga'}"
182,Rui Silva,https://cdn.sofifa.com/players/210/385/22_60.png,"{' Portugal', ' Granada', ' Nacional', ' Real Betis'}"
184,T. Horn,https://cdn.sofifa.com/players/200/316/22_60.png,{' FC Köln'}
186,R. Zentner,https://cdn.sofifa.com/players/224/251/22_60.png,{' FSV Mainz 05'}
185,S. Lung,https://cdn.sofifa.com/players/205/942/22_60.png,"{' Kayserispor', ' Al Raed', ' Romania'}"
189,D. Bachmann,https://cdn.sofifa.com/players/209/532/22_60.png,"{' Ross County', ' Stoke City', ' Bury', ' Austria', ' Watford', ' Kilmarnock'}"
190,A. Consigli,https://cdn.sofifa.com/players/163/489/22_60.png,"{' Rimini', ' Atalanta', ' Sassuolo'}"
193,J. Bond,https://cdn.sofifa.com/players/197/928/22_60.png,"{' Peterborough United', ' Reading', ' West Bromwich Albion', ' Gillingham', ' Watford', ' LA Galaxy'}"
188,M. Männel,https://cdn.sofifa.com/players/182/520/22_60.png,"{' Erzgebirge Aue', ' Energie Cottbus'}"
192,V. Babacan,https://cdn.sofifa.com/players/188/524/22_60.png,"{' Kayserispor', ' Fenerbahçe', ' Turkey', ' İstanbul Başakşehir'}"
183,A. Shunin,https://cdn.sofifa.com/players/167/575/22_60.png,"{' Dinamo Moskva', ' Russia'}"
194,R. Boffin,https://cdn.sofifa.com/players/178/283/22_60.png,"{' PSV', ' Eskişehirspor', ' West Ham United', ' Antalyaspor', ' VVV-Venlo'}"
187,21 J. Serendero,https://cdn.sofifa.com/players/245/294/21_60.png,{' Uruguay'}
197,Samuel Portugal,https://cdn.sofifa.com/players/227/819/22_60.png,"{' Porto', ' Portimonense'}"
191,D. Azcona,https://cdn.sofifa.com/players/228/232/22_60.png,"{' Olimpia', ' Ecuador', ' River Plate'}"
198,J. Ledesma,https://cdn.sofifa.com/players/219/522/22_60.png,"{' Cádiz', ' Rosario Central'}"
196,16 Weverton,https://cdn.sofifa.com/players/186/555/16_60.png,"{' Athletico PR', ' Corinthians'}"
195,K. Lamprou,https://cdn.sofifa.com/players/199/568/22_60.png,"{' Greece', ' Excelsior', ' PEC Zwolle', ' Willem II', ' RKC Waalwijk', ' Vitesse', ' Ajax', ' Feyenoord'}"
203,E. Mulder,https://cdn.sofifa.com/players/183/567/22_60.png,"{' SC Heerenveen', ' Feyenoord', ' Swansea City', ' Go Ahead Eagles'}"
204,Diego López,https://cdn.sofifa.com/players/146/748/22_60.png,"{' Spain', ' Real Madrid', ' Villarreal', ' Sevilla', ' Milan', ' Rayo Vallecano', ' Espanyol'}"
201,B. Samba,https://cdn.sofifa.com/players/204/883/22_60.png,"{' Le Havre', ' Nancy', ' Lens', ' Nottingham Forest', ' Olympique Marseille', ' Caen'}"
206,J. Leca,https://cdn.sofifa.com/players/153/275/22_60.png,"{' Valenciennes', ' Ajaccio', ' Lens', ' Bastia'}"
199,A. Paschalakis,https://cdn.sofifa.com/players/240/493/22_60.png,"{' PAOK', ' Greece'}"
200,M. Dituro,https://cdn.sofifa.com/players/207/935/22_60.png,"{' Celta de Vigo', ' Universidad Católica', ' Antofagasta'}"
208,Raphaelinho Anjos,https://cdn.sofifa.com/players/230/168/22_60.png,"{' Brazil', ' Athletico PR', ' Bragantino', ' Ponte Preta', ' Grêmio', ' Santos'}"
202,S. Gonda,https://cdn.sofifa.com/players/217/649/22_60.png,"{' Shimizu S-Pulse', ' Sagan Tosu', ' Portimonense'}"
209,S. Dimitrievski,https://cdn.sofifa.com/players/211/348/22_60.png,"{' Gimnàstic Tarragona', ' Granada', ' Rayo Vallecano'}"
205,A. Montero,https://cdn.sofifa.com/players/229/541/22_60.png,"{' Colombia', ' Deportes Tolima', ' San Lorenzo'}"
207,S. Sluga,https://cdn.sofifa.com/players/206/065/22_60.png,"{' Spezia', ' Hellas Verona', ' Luton Town'}"
210,L. Southwood,https://cdn.sofifa.com/players/235/027/22_60.png,"{' Reading', ' Hamilton Academical', ' Cheltenham Town'}"
212,L. Hrádecký,https://cdn.sofifa.com/players/190/941/22_60.png,"{' Brøndby', ' Finland', ' Bayer 04 Leverkusen', ' Eintracht Frankfurt', ' Esbjerg'}"
214,H. Koffi,https://cdn.sofifa.com/players/239/342/22_60.png,"{' Royal Excel Mouscron', ' Belenenses', ' Sporting Charleroi', ' Lille'}"
211,16 Victor,https://cdn.sofifa.com/players/186/789/16_60.png,"{' Brazil', ' Atlético Mineiro', ' Grêmio'}"
213,S. Rochet,https://cdn.sofifa.com/players/223/690/22_60.png,"{' Sivasspor', ' AZ', ' Nacional'}"
215,D. Léon,https://cdn.sofifa.com/players/205/377/22_60.png,"{' Brest', ' Auxerre'}"
217,P. Kühn,https://cdn.sofifa.com/players/208/719/22_60.png,"{' Sandhausen', ' Osnabrück'}"
222,S. Marinović,https://cdn.sofifa.com/players/231/056/22_60.png,"{' Vancouver Whitecaps', ' New Zealand', ' Wellington Phoenix', ' Bristol City'}"
218,A. Nübel,https://cdn.sofifa.com/players/223/885/22_60.png,"{' Paderborn', ' Monaco', ' Schalke 04', ' FC Bayern München'}"
219,D. Ospina,https://cdn.sofifa.com/players/176/550/22_60.png,"{' Al Nassr', ' Colombia', ' Arsenal', ' Nice', ' Napoli'}"
220,O. Kolář,https://cdn.sofifa.com/players/244/467/22_60.png,"{' Slavia Praha', ' Czech Republic'}"
216,08 O. Kahn,https://cdn.sofifa.com/players/000/488/08_60.png,{' FC Bayern München'}
223,N. Haikin,https://cdn.sofifa.com/players/222/389/22_60.png,"{' Bodø / Glimt', "" Kuban' Krasnodar"", ' Mordovia Saransk'}"
221,M. Díaz,https://cdn.sofifa.com/players/226/379/22_60.png,"{' Huracán', ' 114149', ' Talleres Córdoba', ' Boca Juniors'}"
225,D. Mitov,https://cdn.sofifa.com/players/225/280/22_60.png,"{' Charlton Athletic', ' Cambridge United'}"
224,C. Bonilla,https://cdn.sofifa.com/players/214/582/22_60.png,"{' Atlético Nacional', ' Al Feiha', ' Colombia', ' Millonarios', ' La Equidad'}"
227,R. Olsen,https://cdn.sofifa.com/players/207/557/22_60.png,"{' Roma', ' Aston Villa', ' Sweden', ' Everton', ' Cagliari', ' 114912', ' København', ' Sheffield United', ' PAOK', ' Malmö FF'}"
229,I. Meslier,https://cdn.sofifa.com/players/242/656/22_60.png,"{' Lorient', ' Leeds United'}"
230,A. Blake,https://cdn.sofifa.com/players/216/939/22_60.png,{' Philadelphia Union'}
233,C. Álvarez,https://cdn.sofifa.com/players/188/938/22_60.png,"{' Real Zaragoza', ' Rayo Vallecano', ' Argentina', ' Espanyol', ' San Lorenzo'}"
226,W. Aguerre,https://cdn.sofifa.com/players/253/847/22_60.png,"{' Cerro Largo', ' Querétaro'}"
232,B. Reynet,https://cdn.sofifa.com/players/204/240/22_60.png,"{' Toulouse', ' Lorient', ' Dijon', ' Nîmes'}"
236,M. Diaw,https://cdn.sofifa.com/players/220/820/22_60.png,"{' Clermont', ' Paris Saint Germain', ' Lausanne Sport'}"
231,Gabri Prestão,https://cdn.sofifa.com/players/230/312/22_60.png,"{' Brazil', ' Internacional', ' Figueirense', ' Fluminense', ' Botafogo'}"
237,Germán Parreño,https://cdn.sofifa.com/players/212/453/22_60.png,"{' Racing Santander', ' Girona', ' Espanyol', ' Elche', ' UD Ibiza'}"
235,B. Costil,https://cdn.sofifa.com/players/158/121/22_60.png,"{' Rennes', ' Auxerre', ' Bordeaux', ' France', ' Vannes', ' Sedan', ' Caen'}"
228,J. Corona,https://cdn.sofifa.com/players/156/412/22_60.png,"{' Mexico', ' Estudiantes Tecos', ' Cruz Azul'}"
238,B. Hamid,https://cdn.sofifa.com/players/194/904/22_60.png,"{' Midtjylland', ' DC United', ' United States'}"
234,21 Cássio,https://cdn.sofifa.com/players/165/769/21_60.png,"{' Paços de Ferreira', ' Rio Ave', ' Al Taawon', ' Arouca', ' Vasco da Gama'}"
239,E. Audero,https://cdn.sofifa.com/players/228/413/22_60.png,"{' Venezia', ' Juventus', ' Sampdoria'}"
241,R. Gudiño,https://cdn.sofifa.com/players/226/285/22_60.png,"{' Guadalajara', ' União Madeira', ' Mexico', ' Atlanta United', ' Porto'}"
240,E. Viviano,https://cdn.sofifa.com/players/168/354/22_60.png,"{' Sampdoria', ' SPAL', ' Fatih Karagümrük', ' Italy', ' Sporting CP', ' Arsenal', ' Fiorentina', ' Bologna', ' Brescia', ' Palermo', ' Inter'}"
245,T. Didillon,https://cdn.sofifa.com/players/219/793/22_60.png,"{' Cercle Brugge', ' Anderlecht', ' Monaco', ' Metz', ' Genk'}"
242,M. Andújar,https://cdn.sofifa.com/players/173/857/22_60.png,"{' Catania', ' Napoli', ' Estudiantes', ' Argentina'}"
246,R. Riou,https://cdn.sofifa.com/players/168/965/22_60.png,"{' Alanyaspor', ' Nantes', ' Toulouse', ' Auxerre', ' Sporting Charleroi', ' Caen', ' Olympique Lyonnais'}"
244,B. Guzan,https://cdn.sofifa.com/players/164/505/22_60.png,"{' Aston Villa', ' Middlesbrough', ' United States', ' Atlanta United', ' Chivas USA', ' Hull City'}"
248,J. Espínola,https://cdn.sofifa.com/players/254/714/22_60.png,"{' Godoy Cruz', ' Nacional Asunción'}"
243,J. Leutwiler,https://cdn.sofifa.com/players/183/347/22_60.png,"{' Canada', ' Blackburn Rovers', ' Shrewsbury Town', ' Huddersfield Town', ' Middlesbrough', ' Oldham Athletic', ' Basel', ' Fleetwood Town'}"
249,J. Brinkies,https://cdn.sofifa.com/players/204/380/22_60.png,"{' Hansa Rostock', ' Zwickau'}"
253,G. Akkan,https://cdn.sofifa.com/players/229/637/22_60.png,"{' Ankaragücü', ' Rizespor', ' Turkey'}"
252,G. Gallon,https://cdn.sofifa.com/players/214/680/22_60.png,"{' Nîmes', ' Orléans', ' Troyes'}"
247,G. Lajud,https://cdn.sofifa.com/players/217/813/22_60.png,"{' Tijuana', ' Mexico', ' Santos Laguna', ' Cruz Azul'}"
254,N. Marsman,https://cdn.sofifa.com/players/200/698/22_60.png,"{' Inter Miami', ' FC Twente', ' Feyenoord', ' FC Utrecht'}"
251,Gabriel,https://cdn.sofifa.com/players/201/931/22_60.png,"{' Carpi', ' Lecce', ' Perugia', ' Cagliari', ' Milan', ' Empoli', ' Cruzeiro', ' Napoli'}"
255,Óscar Whalley,https://cdn.sofifa.com/players/220/433/22_60.png,"{' Real Zaragoza', ' Sporting Gijón', ' Castellón', ' Lugo', ' AGF', ' Huesca'}"
256,T. Wellenreuther,https://cdn.sofifa.com/players/223/686/22_60.png,"{' Schalke 04', ' Anderlecht', ' Willem II', ' Mallorca', ' Feyenoord'}"
259,K. Dawson,https://cdn.sofifa.com/players/253/272/22_60.png,{' Peñarol'}
250,M. Al Owais,https://cdn.sofifa.com/players/210/923/22_60.png,"{' Al Hilal', ' Al Shabab', ' Al Ahli Jeddah', ' Saudi Arabia'}"
257,F. Altamirano,https://cdn.sofifa.com/players/227/477/22_60.png,"{' Banfield', ' Patronato'}"
260,F. Müller,https://cdn.sofifa.com/players/234/833/22_60.png,"{' FSV Mainz 05', ' SC Freiburg', ' VfB Stuttgart'}"
258,Pierrino Faria,https://cdn.sofifa.com/players/230/328/22_60.png,"{' Santos', ' Coritiba', ' Atlético GO', ' São Paulo'}"
262,S. George,https://cdn.sofifa.com/players/240/346/22_60.png,"{' Tranmere Rovers', ' Colchester United', ' Livingston', ' Carlisle United', ' Liverpool'}"
261,Marcelo Grohe,https://cdn.sofifa.com/players/167/959/22_60.png,"{' Al Ittihad', ' Brazil', ' Grêmio'}"
263,C. Gordon,https://cdn.sofifa.com/players/053/110/22_60.png,"{' Scotland', ' Celtic', ' Sunderland', ' Hearts'}"
265,M. Maroši,https://cdn.sofifa.com/players/221/531/22_60.png,"{' Coventry City', ' Doncaster Rovers', ' Shrewsbury Town'}"
266,A. Bono,https://cdn.sofifa.com/players/226/786/22_60.png,{' Toronto'}
267,M. Turner,https://cdn.sofifa.com/players/233/267/22_60.png,"{' New England', ' Arsenal', ' United States'}"
268,M. Stekelenburg,https://cdn.sofifa.com/players/002/147/22_60.png,"{' Southampton', ' Roma', ' Netherlands', ' Fulham', ' Everton', ' Monaco', ' Ajax'}"
272,L. Zigi,https://cdn.sofifa.com/players/229/956/22_60.png,"{' Sochaux', ' Ghana', ' Salzburg', ' St. Gallen'}"
274,F. Kaplan,https://cdn.sofifa.com/players/205/874/22_60.png,"{' Adana Demirspor', ' Antalyaspor', ' Gençlerbirliği', ' Giresunspor'}"
264,N. Vikonis,https://cdn.sofifa.com/players/214/076/22_60.png,"{' Puebla', ' Mazatlán', ' Patriotas Boyacá', ' Millonarios'}"
273,B. Hamer,https://cdn.sofifa.com/players/170/008/22_60.png,"{' Derby County', ' Charlton Athletic', ' Brentford', ' Swansea City', ' Reading', ' Leicester City', ' Huddersfield Town', ' Bristol City', ' Exeter City', ' Watford'}"
275,L. Skorupski,https://cdn.sofifa.com/players/189/908/22_60.png,"{' Roma', ' Górnik Zabrze', ' Poland', ' Bologna', ' Empoli'}"
271,C. Dawson,https://cdn.sofifa.com/players/214/088/22_60.png,"{' Sheffield Wednesday', ' Chesterfield', ' Exeter City', ' Plymouth Argyle'}"
269,L. Thomas,https://cdn.sofifa.com/players/203/423/22_60.png,"{' Melbourne Victory', ' SønderjyskE', ' Australia', ' Western Sydney Wanderers'}"
276,E. Mendy,https://cdn.sofifa.com/players/234/642/22_60.png,"{' Chelsea', ' Rennes', ' Reims'}"
270,20 J. Gonzalez,https://cdn.sofifa.com/players/213/736/20_60.png,{' Dallas'}
277,Jo Hyeon Woo,https://cdn.sofifa.com/players/212/432/22_60.png,"{' Daegu', ' Ulsan'}"
278,V. Demarconnay,https://cdn.sofifa.com/players/150/659/22_60.png,{' Paris'}
279,Kim Seung Gyu,https://cdn.sofifa.com/players/191/655/22_60.png,"{' Al Shabab', ' Kashiwa Reysol', ' Vissel Kobe', ' Ulsan', ' Korea Republic'}"
281,R. O'Donnell,https://cdn.sofifa.com/players/182/206/22_60.png,"{' Sheffield Wednesday', ' Northampton Town', ' Walsall', ' Wigan Athletic', ' Bristol City', ' Bradford City', ' Rochdale', ' Chesterfield', ' Rotherham United'}"
280,R. Zieler,https://cdn.sofifa.com/players/186/148/22_60.png,"{' Manchester United', ' Northampton Town', ' Germany', ' Leicester City', ' FC Köln', ' Hannover 96', ' VfB Stuttgart'}"
283,Luís Maximiano,https://cdn.sofifa.com/players/244/316/22_60.png,"{' Lazio', ' Granada', ' Sporting CP'}"
282,Y. Brecher,https://cdn.sofifa.com/players/204/842/22_60.png,{' Zürich'}
285,Raúl Lizoain,https://cdn.sofifa.com/players/199/101/22_60.png,"{' FC Andorra', ' Las Palmas', ' Mirandés', ' Alcorcón'}"
284,Kang Hyeon Mu,https://cdn.sofifa.com/players/221/912/22_60.png,{' Pohang Steelers'}
287,Raúl Fernández,https://cdn.sofifa.com/players/186/680/22_60.png,"{' Real Valladolid', ' Racing Santander', ' Athletic Club', ' Numancia', ' Las Palmas', ' Granada', ' Mirandés', ' Levante'}"
290,L. Montipò,https://cdn.sofifa.com/players/215/363/22_60.png,"{' Novara', ' Hellas Verona', ' Carpi', ' Benevento'}"
286,B. Jones,https://cdn.sofifa.com/players/165/735/22_60.png,"{' Sheffield Wednesday', ' Al Nassr', ' Australia', ' Perth Glory', ' Middlesbrough', ' NEC', ' Bradford City', ' Liverpool', ' Feyenoord'}"
289,Y. van Osch,https://cdn.sofifa.com/players/236/649/22_60.png,"{' PSV', ' Fortuna Sittard'}"
292,P. Tytoń,https://cdn.sofifa.com/players/176/094/22_60.png,"{' Deportivo La Coruña', ' Cincinnati', ' PSV', ' Górnik Łęczna', ' FC Twente', ' Roda JC Kerkrade', ' Poland', ' Ajax', ' Elche', ' VfB Stuttgart'}"
291,O. Sail,https://cdn.sofifa.com/players/225/993/22_60.png,"{' New Zealand', ' Wellington Phoenix'}"
288,21 L. Camp,https://cdn.sofifa.com/players/053/736/21_60.png,"{' Derby County', ' Sunderland', ' Northern Ireland', ' AFC Bournemouth', ' Queens Park Rangers', ' West Bromwich Albion', ' Coventry City', ' Norwich City', ' Swindon Town', ' Birmingham City', ' Nottingham Forest', ' Rotherham United', ' Wrexham', ' Cardiff City'}"
293,P. Bråtveit,https://cdn.sofifa.com/players/211/021/22_60.png,"{' Nîmes', ' Djurgården', ' AGF', ' Norway', ' Vålerenga', ' FC Groningen', ' Haugesund'}"
296,T. Königsmann,https://cdn.sofifa.com/players/223/823/22_60.png,"{' SpVgg Greuther Fürth', ' Waldhof Mannheim', ' Hannover 96', ' Sandhausen', ' Aalen'}"
298,P. Leeuwenburgh,https://cdn.sofifa.com/players/223/737/22_60.png,"{' Ajax', ' FC Groningen'}"
299,Juan Soriano,https://cdn.sofifa.com/players/234/790/22_60.png,"{' Leganés', ' Sevilla', ' Sevilla II', ' Málaga', ' Tenerife'}"
300,G. Morris,https://cdn.sofifa.com/players/019/541/22_60.png,"{' Crawley Town', ' Aldershot Town', ' Gillingham', ' Southend United', ' Leyton Orient'}"
295,21 D. Bingham,https://cdn.sofifa.com/players/202/469/21_60.png,"{' Portland Timbers', ' LA Galaxy', ' SJ Earthquakes', ' United States'}"
303,B. Białkowski,https://cdn.sofifa.com/players/155/871/22_60.png,"{' Notts County', ' Southampton', ' Ipswich Town', ' Millwall', ' Poland'}"
304,F. Woodman,https://cdn.sofifa.com/players/222/514/22_60.png,"{' Crawley Town', ' Aberdeen', ' Swansea City', ' Hartlepool United', ' AFC Bournemouth', ' Newcastle United', ' Preston North End', ' Kilmarnock'}"
297,J. Dahlin,https://cdn.sofifa.com/players/164/484/22_60.png,"{' Sweden', ' Midtjylland', ' Lyn', ' Malmö FF', ' Gençlerbirliği'}"
301,A. Silva,https://cdn.sofifa.com/players/214/373/22_60.png,"{' Independiente Medellín', ' Puebla', ' Huracán', ' Paraguay', ' Deportes Tolima'}"
305,S. Torrico,https://cdn.sofifa.com/players/216/692/22_60.png,{' San Lorenzo'}
294,M. Barovero,https://cdn.sofifa.com/players/142/721/22_60.png,"{' Atlético San Luis', ' River Plate', ' Monterrey', ' Necaxa'}"
308,M. van der Hart,https://cdn.sofifa.com/players/208/782/22_60.png,"{' PEC Zwolle', ' Go Ahead Eagles', ' Lech Poznań', ' Ajax', ' FC Emmen'}"
309,S. Cleveland,https://cdn.sofifa.com/players/237/250/22_60.png,"{' Chicago Fire', ' Seattle Sounders'}"
306,G. Kobel,https://cdn.sofifa.com/players/235/073/22_60.png,"{' TSG Hoffenheim', ' FC Augsburg', ' Borussia Dortmund', ' Switzerland', ' VfB Stuttgart'}"
310,R. Gikiewicz,https://cdn.sofifa.com/players/194/333/22_60.png,"{' FC Union Berlin', ' Śląsk Wrocław', ' FC Augsburg', ' Eintracht Braunschweig', ' SC Freiburg', ' Jagiellonia Białystok'}"
302,André Moreira,https://cdn.sofifa.com/players/224/953/22_60.png,"{' Atlético Madrid', ' Aston Villa', ' Feirense', ' Belenenses', ' Grasshopper', ' União Madeira', ' Sporting Braga', ' Moreirense'}"
307,C. Stanković,https://cdn.sofifa.com/players/216/175/22_60.png,"{' Salzburg', ' Austria', ' Grödig', ' AEK Athens'}"
313,P. Bernardoni,https://cdn.sofifa.com/players/223/898/22_60.png,"{' Saint-Étienne', ' Nîmes', ' Clermont', ' Bordeaux', ' Troyes', ' Angers SCO'}"
318,J. Talbot,https://cdn.sofifa.com/players/225/406/22_60.png,"{' Sunderland', ' Bohemians'}"
319,D. Phillips,https://cdn.sofifa.com/players/220/058/22_60.png,"{' Charlton Athletic', ' Cardiff City', ' KV Oostende'}"
314,A. Schwolow,https://cdn.sofifa.com/players/202/789/22_60.png,"{' Hertha BSC', ' Schalke 04', ' SC Freiburg'}"
316,K. Roos,https://cdn.sofifa.com/players/211/299/22_60.png,"{' Derby County', ' Bristol Rovers', ' Aberdeen', ' Port Vale', ' AFC Wimbledon', ' NEC', ' Rotherham United', ' Plymouth Argyle'}"
315,P. Abrahamsson,https://cdn.sofifa.com/players/192/201/22_60.png,"{' Häcken', ' Örgryte'}"
320,M. Müller,https://cdn.sofifa.com/players/208/375/22_60.png,"{' Kaiserslautern', ' RB Leipzig', ' Luzern'}"
321,N. Larsen,https://cdn.sofifa.com/players/200/209/22_60.png,"{' AaB', ' Guingamp', ' Nordsjælland', ' Silkeborg', ' Denmark'}"
317,M. Flekken,https://cdn.sofifa.com/players/211/738/22_60.png,"{' SC Freiburg', ' MSV Duisburg', ' Netherlands', ' SpVgg Greuther Fürth'}"
324,21 J. McKeown,https://cdn.sofifa.com/players/170/280/21_60.png,"{' Peterborough United', ' Finn Harps', ' Grimsby Town'}"
322,S. Moore,https://cdn.sofifa.com/players/194/150/22_60.png,"{' Brentford', ' Bristol City', ' Coventry City', ' Sheffield United', ' Cardiff City'}"
312,Victorino Magela,https://cdn.sofifa.com/players/230/320/22_60.png,"{' Santos', ' Bahia', ' Palmeiras'}"
323,C. Mathenia,https://cdn.sofifa.com/players/215/417/22_60.png,"{' FSV Mainz 05', ' Hamburger SV', ' Nürnberg', ' Darmstadt 98'}"
311,19 Fabiano,https://cdn.sofifa.com/players/184/926/19_60.png,"{' Olhanense', ' São Paulo', ' Fenerbahçe', ' Porto', ' Santo André'}"
326,J. Lössl,https://cdn.sofifa.com/players/172/553/22_60.png,"{' Brentford', ' Guingamp', ' Everton', ' Midtjylland', ' Huddersfield Town', ' FSV Mainz 05', ' Denmark'}"
327,J. Maurer,https://cdn.sofifa.com/players/202/570/22_60.png,"{' New York RB', ' Dallas'}"
325,M. Kolke,https://cdn.sofifa.com/players/211/946/22_60.png,"{' Hansa Rostock', ' Wehen Wiesbaden'}"
329,P. Nardi,https://cdn.sofifa.com/players/206/218/22_60.png,"{' Rennes', ' Cercle Brugge', ' Monaco', ' Lorient', ' Nancy', ' Gent'}"
330,S. Kırıntılı,https://cdn.sofifa.com/players/144/172/22_60.png,"{' Rizespor', ' Alanyaspor', ' Turkey', ' Ankaragücü', ' Ümraniyespor', ' Konyaspor', ' Fenerbahçe'}"
331,J. Day,https://cdn.sofifa.com/players/203/034/22_60.png,"{' Bristol Rovers', ' Peterborough United', ' AFC Wimbledon', ' Cardiff City', ' Newport County'}"
334,V. Jaroš,https://cdn.sofifa.com/players/253/428/22_60.png,"{' Stockport County', ' Liverpool', "" St Patrick's""}"
328,D. Stockdale,https://cdn.sofifa.com/players/182/207/22_60.png,"{' Sheffield Wednesday', ' Brighton & Hove Albion', ' Fulham', ' Ipswich Town', ' England', ' Stevenage', ' Wycombe Wanderers', ' Birmingham City', ' Southend United', ' Hull City', ' Darlington 1883'}"
332,J. Lumley,https://cdn.sofifa.com/players/217/096/22_60.png,"{' Bristol Rovers', ' Reading', ' Blackpool', ' Accrington Stanley', ' Middlesbrough', ' Queens Park Rangers', ' Stevenage', ' Doncaster Rovers', ' Gillingham', ' Morecambe'}"
337,A. Luthe,https://cdn.sofifa.com/players/192/665/22_60.png,"{' FC Augsburg', ' Kaiserslautern', ' FC Union Berlin', ' VfL Bochum 1848'}"
336,H. Lindner,https://cdn.sofifa.com/players/193/247/22_60.png,"{' Austria Wien', ' Basel', ' Grasshopper', ' Eintracht Frankfurt', ' Wehen Wiesbaden', ' Austria', ' Sion'}"
335,A. Linde,https://cdn.sofifa.com/players/207/926/22_60.png,"{' Sweden', ' Molde', ' Helsingborg', ' SpVgg Greuther Fürth'}"
338,K. Müller,https://cdn.sofifa.com/players/202/873/22_60.png,"{' Hansa Rostock', ' Heidenheim', ' VfB Stuttgart'}"
333,B. Collins,https://cdn.sofifa.com/players/225/543/22_60.png,"{' Chelsea', ' Burton Albion', ' Barnsley', ' Forest Green Rovers'}"
342,D. Stipica,https://cdn.sofifa.com/players/250/939/22_60.png,{' Pogoń Szczecin'}
344,Yang Han Been,https://cdn.sofifa.com/players/203/004/22_60.png,"{' Seongnam', ' Seoul', ' Gangwon'}"
346,S. McDermott,https://cdn.sofifa.com/players/202/810/22_60.png,"{' Start', ' Republic of Ireland', ' Kristiansund', ' Sandnes Ulf'}"
343,B. Amos,https://cdn.sofifa.com/players/173/531/22_60.png,"{' Manchester United', ' Charlton Athletic', ' Millwall', ' Wigan Athletic', ' Oldham Athletic', ' Hull City', ' Carlisle United', ' Bolton Wanderers', ' Cardiff City'}"
349,C. Maxwell,https://cdn.sofifa.com/players/209/333/22_60.png,"{' Charlton Athletic', ' Blackpool', ' Hibernian', ' Preston North End', ' Wales', ' Fleetwood Town'}"
345,O. Jansson,https://cdn.sofifa.com/players/190/669/22_60.png,"{' Northampton Town', ' Örebro', ' Tottenham Hotspur', ' Shamrock Rovers', ' Norrköping', ' Bradford City'}"
348,K. Haug,https://cdn.sofifa.com/players/224/322/22_60.png,"{' Toulouse', ' Vålerenga'}"
340,L. Kelly,https://cdn.sofifa.com/players/225/203/22_60.png,"{' Scotland', ' Queens Park Rangers', ' Livingston', ' Rangers', ' Motherwell'}"
351,C. Rigamonti,https://cdn.sofifa.com/players/215/250/22_60.png,"{' Banfield', ' Sarmiento', ' Central Cordoba SdE', ' Vélez Sarsfield', ' Belgrano', ' Quilmes'}"
339,19 E. Galekovic,https://cdn.sofifa.com/players/160/295/19_60.png,"{' Adelaide United', ' Melbourne Victory', ' Australia', ' Melbourne City'}"
350,Fred Aníbão,https://cdn.sofifa.com/players/230/317/22_60.png,"{' Avaí', ' Athletico PR', ' Palmeiras', ' Grêmio'}"
352,M. Zetterer,https://cdn.sofifa.com/players/227/370/22_60.png,"{' PEC Zwolle', ' Werder Bremen'}"
341,M. Sandberg,https://cdn.sofifa.com/players/191/153/22_60.png,"{' IFK Göteborg', ' Vålerenga', ' Stabæk'}"
355,R. Fährmann,https://cdn.sofifa.com/players/179/783/22_60.png,"{' Norwich City', ' Eintracht Frankfurt', ' Brann', ' Schalke 04'}"
356,D. Odumosu,https://cdn.sofifa.com/players/260/018/22_60.png,"{' Drogheda United', "" St Patrick's""}"
347,20 M. Agazzi,https://cdn.sofifa.com/players/123/586/20_60.png,"{' Triestina', ' Cesena', ' Cremonese', ' Chievo', ' Middlesbrough', ' Ascoli', ' Cagliari', ' Milan'}"
353,D. Iversen,https://cdn.sofifa.com/players/228/410/22_60.png,"{' OH Leuven', ' Leicester City', ' Preston North End', ' Oldham Athletic', ' Rotherham United', ' Esbjerg', ' Denmark'}"
361,A. Olliero,https://cdn.sofifa.com/players/231/105/22_60.png,"{' Nantes', ' Niort', ' Pau'}"
364,L. Roberts,https://cdn.sofifa.com/players/211/604/22_60.png,"{' Walsall', ' Middlesbrough', ' Northampton Town'}"
362,B. Stuver,https://cdn.sofifa.com/players/213/206/22_60.png,"{' Austin', ' New York City', ' Montreal Impact', ' Chivas USA', ' Columbus Crew', ' New England'}"
363,E. Basilio,https://cdn.sofifa.com/players/212/735/22_60.png,"{' Dijon', ' Guingamp'}"
360,Z. Clark,https://cdn.sofifa.com/players/204/269/22_60.png,"{' Hearts', ' Scotland', ' St. Johnstone'}"
359,20 A. Collin,https://cdn.sofifa.com/players/053/363/20_60.png,"{' Notts County', ' Aberdeen', ' Carlisle United', ' Rotherham United'}"
358,A. Maraval,https://cdn.sofifa.com/players/215/097/22_60.png,"{' Dunkerque', ' Arles', ' Monaco', ' Nîmes'}"
365,V. Belec,https://cdn.sofifa.com/players/193/336/22_60.png,"{' Crotone', ' Carpi', ' APOEL', ' Slovenia', ' Sampdoria', ' Salernitana', ' Olhanense', ' Benevento', ' Konyaspor', ' Inter'}"
367,E. Taşkıran,https://cdn.sofifa.com/players/194/372/22_60.png,"{' Fenerbahçe', ' Sivasspor', ' Konyaspor', ' Kasımpaşa'}"
371,Yang Hyung Mo,https://cdn.sofifa.com/players/222/229/22_60.png,{' Suwon Bluewings'}
366,M. Silva,https://cdn.sofifa.com/players/198/653/22_60.png,"{' Uruguay', ' Libertad', ' Vasco da Gama'}"
370,Kaíquão Castro,https://cdn.sofifa.com/players/230/323/22_60.png,"{' Brazil', ' Ponte Preta', ' Fluminense', ' Cruzeiro', ' Vasco da Gama'}"
372,F. Al Qarni,https://cdn.sofifa.com/players/208/968/22_60.png,"{' Al Ittihad', ' Al Shabab'}"
374,E. McGinty,https://cdn.sofifa.com/players/237/927/22_60.png,"{' Oxford United', ' Sligo Rovers'}"
369,M. Marić,https://cdn.sofifa.com/players/212/973/22_60.png,"{' Lillestrøm', ' Lechia Gdańsk', ' TSG Hoffenheim', ' Houston Dynamo', ' Hannover 96', ' Rapid Vienna'}"
373,M. Schubert,https://cdn.sofifa.com/players/234/383/22_60.png,"{' Eintracht Frankfurt', ' Schalke 04', ' Dynamo Dresden', ' Vitesse'}"
375,M. Ibáñez,https://cdn.sofifa.com/players/214/983/22_60.png,"{' Racing Club', ' Colón', ' Lanús', ' Patronato', ' Temperley', ' SD Eibar', ' Olimpo'}"
377,A. Singh,https://cdn.sofifa.com/players/223/760/22_60.png,"{' Odisha FC', ' ATK Mohun Bagan', ' India'}"
368,21 R. Pleșca,https://cdn.sofifa.com/players/147/970/21_60.png,{' Gaz Metan Mediaş'}
376,A. Kofler,https://cdn.sofifa.com/players/217/502/22_60.png,{' Wolfsberger AC'}
378,K. Grabara,https://cdn.sofifa.com/players/228/383/22_60.png,"{' Huddersfield Town', ' København', ' Poland', ' AGF', ' Liverpool'}"
379,G. Hubert,https://cdn.sofifa.com/players/205/386/22_60.png,"{' Standard Liège', ' Cercle Brugge', ' KV Oostende', ' Valenciennes', ' Club Brugge'}"
357,D. Heuer Fernandes,https://cdn.sofifa.com/players/212/197/22_60.png,"{' Paderborn', ' Hamburger SV', ' Darmstadt 98'}"
382,R. Gurtner,https://cdn.sofifa.com/players/176/994/22_60.png,"{' Amiens SC', ' Boulogne', ' Strasbourg', ' Le Havre'}"
383,R. Romo,https://cdn.sofifa.com/players/193/359/22_60.png,"{' OH Leuven', ' DC United', ' Venezuela', ' Udinese', ' Silkeborg'}"
385,S. Dieng,https://cdn.sofifa.com/players/239/358/22_60.png,"{' Dundee', ' Queens Park Rangers', ' Stevenage', ' Doncaster Rovers', ' Grasshopper', ' MSV Duisburg'}"
381,S. Burchert,https://cdn.sofifa.com/players/189/061/22_60.png,"{' Hertha BSC', ' St. Pauli', ' Vålerenga', ' SpVgg Greuther Fürth'}"
386,M. Dupé,https://cdn.sofifa.com/players/204/513/22_60.png,"{' Toulouse', ' Clermont', ' Nantes'}"
354,A. Mannus,https://cdn.sofifa.com/players/110/606/22_60.png,"{' Shamrock Rovers', ' St. Johnstone', ' Northern Ireland'}"
380,D. Ousted,https://cdn.sofifa.com/players/162/052/22_60.png,"{' DC United', ' Vancouver Whitecaps', ' Midtjylland', ' Randers', ' SønderjyskE', ' Hammarby', ' Chicago Fire'}"
384,J. Carvallo,https://cdn.sofifa.com/players/186/655/22_60.png,"{' Peru', ' Universitario'}"
389,J. Staněk,https://cdn.sofifa.com/players/221/909/22_60.png,"{' Everton', ' Viktoria Plzeň', ' Czech Republic'}"
387,P. Farman,https://cdn.sofifa.com/players/212/175/22_60.png,"{' Barrow', ' Stevenage', ' Carlisle United', ' Lincoln City'}"
390,21 N. Jackers,https://cdn.sofifa.com/players/222/263/21_60.png,"{' Waasland-Beveren', ' OH Leuven', ' Genk'}"
392,J. Stevens,https://cdn.sofifa.com/players/225/342/22_60.png,"{' Oxford United', ' Port Vale'}"
388,Charles,https://cdn.sofifa.com/players/229/255/22_60.png,"{' Marítimo', ' Vizela', ' Vasco da Gama'}"
393,G. Singh Sandhu,https://cdn.sofifa.com/players/225/213/22_60.png,"{' Stabæk', ' Bengaluru', ' India'}"
391,21 S. Gbohouo,https://cdn.sofifa.com/players/218/971/21_60.png,"{"" Côte d'Ivoire""}"
397,K. Eissa,https://cdn.sofifa.com/players/247/072/22_60.png,{' Al Ain'}
399,L. Unnerstall,https://cdn.sofifa.com/players/199/833/22_60.png,"{' Schalke 04', ' PSV', ' Fortuna Düsseldorf', ' FC Twente', ' VVV-Venlo', ' Aarau'}"
400,M. Travers,https://cdn.sofifa.com/players/232/284/22_60.png,"{' Republic of Ireland', ' Swindon Town', ' Shamrock Rovers', ' AFC Bournemouth'}"
396,I. Gelios,https://cdn.sofifa.com/players/204/334/22_60.png,"{' Hansa Rostock', ' Holstein Kiel', ' FC Augsburg'}"
402,D. Batz,https://cdn.sofifa.com/players/199/803/22_60.png,"{' Saarbrücken', ' Nürnberg', ' SC Freiburg'}"
405,M. Macey,https://cdn.sofifa.com/players/213/407/22_60.png,"{' Bristol Rovers', ' Hibernian', ' Accrington Stanley', ' Luton Town', ' Arsenal', ' Plymouth Argyle'}"
394,M. Koval,https://cdn.sofifa.com/players/206/412/22_60.png,"{' Deportivo La Coruña', ' OB', ' Al Fateh'}"
395,P. Sprint,https://cdn.sofifa.com/players/210/022/22_60.png,"{' Hertha BSC', ' Viktoria Berlin'}"
406,M. Hermansen,https://cdn.sofifa.com/players/246/158/22_60.png,{' Brøndby'}
401,R. Strebinger,https://cdn.sofifa.com/players/209/990/22_60.png,"{' Legia Warszawa', ' Austria', ' Rapid Vienna', ' Werder Bremen'}"
403,Kim Jin Hyeon,https://cdn.sofifa.com/players/201/936/22_60.png,"{' Korea Republic', ' Cerezo Osaka'}"
410,Jean,https://cdn.sofifa.com/players/234/999/22_60.png,{' Cerro Porteño'}
404,M. Vanhamel,https://cdn.sofifa.com/players/180/337/22_60.png,"{' Le Havre', ' Laval', ' KV Oostende', ' Beerschot', ' Westerlo'}"
408,L. Nicholls,https://cdn.sofifa.com/players/198/285/22_60.png,"{' Bristol Rovers', ' Northampton Town', ' Shrewsbury Town', ' Huddersfield Town', ' Wigan Athletic', ' Milton Keynes Dons'}"
411,M. Branderhorst,https://cdn.sofifa.com/players/210/832/22_60.png,"{' Willem II', ' NEC'}"
398,T. Vincensini,https://cdn.sofifa.com/players/209/644/22_60.png,"{' Valenciennes', ' Lens', ' Bastia'}"
412,21 M. Howard,https://cdn.sofifa.com/players/183/789/21_60.png,"{' Aberdeen', ' Blackpool', ' Scunthorpe United', ' Carlisle United', ' Sheffield United', ' Bolton Wanderers', ' Wrexham', ' St. Mirren'}"
407,F. Plach,https://cdn.sofifa.com/players/242/514/22_60.png,{' Piast Gliwice'}
409,21 G. Chatterjee,https://cdn.sofifa.com/players/251/742/21_60.png,{' India'}
416,E. Domaschke,https://cdn.sofifa.com/players/183/596/22_60.png,"{' Bayer 04 Leverkusen', ' Meppen', ' RB Leipzig'}"
418,M. Okoye,https://cdn.sofifa.com/players/257/288/22_60.png,"{' Watford', ' Sparta Rotterdam'}"
421,M. Stryjek,https://cdn.sofifa.com/players/224/543/22_60.png,"{' Sunderland', ' Wycombe Wanderers', ' Accrington Stanley', ' Livingston'}"
426,P. Drewes,https://cdn.sofifa.com/players/210/772/22_60.png,"{' Würzburger Kickers', ' Sandhausen', ' VfL Wolfsburg', ' VfL Bochum 1848'}"
420,L. Vigouroux,https://cdn.sofifa.com/players/213/413/22_60.png,"{' Everton', ' Swindon Town', ' Leyton Orient', ' Chile'}"
425,A. Abedzadeh,https://cdn.sofifa.com/players/237/419/22_60.png,"{' Ponferradina', ' Marítimo'}"
424,L. Unbehaun,https://cdn.sofifa.com/players/247/479/22_60.png,"{' Borussia Dortmund', ' Borussia Dortmund II'}"
413,N. Gartside,https://cdn.sofifa.com/players/226/423/22_60.png,"{' Derry City', ' Watford'}"
417,F. Niță,https://cdn.sofifa.com/players/238/033/22_60.png,"{' Sparta Praha', ' Romania'}"
423,20 N. Leali,https://cdn.sofifa.com/players/201/299/20_60.png,"{' Virtus Lanciano', ' Cesena', ' Perugia', ' Juventus', ' Zulte-Waregem', ' Olympiakos Piraeus', ' Spezia', ' Ascoli', ' Frosinone', ' Foggia', ' Brescia'}"
419,A. Legzdins,https://cdn.sofifa.com/players/182/761/22_60.png,"{' Derby County', ' Burton Albion', ' Dundee', ' Burnley', ' Birmingham City', ' Crewe Alexandra', ' Stockport County', ' Leyton Orient'}"
414,20 G. Banguera,https://cdn.sofifa.com/players/228/777/20_60.png,"{' Atlético Huila', ' Santa Fe'}"
415,18 S. Elana,https://cdn.sofifa.com/players/111/163/18_60.png,"{' Brest', ' Gazélec Ajaccio', ' Lille'}"
427,T. Rönning,https://cdn.sofifa.com/players/242/200/22_60.png,{' Elfsborg'}
422,Jung Sung Ryong,https://cdn.sofifa.com/players/176/389/22_60.png,"{' Suwon Bluewings', ' Seongnam', ' Pohang Steelers', ' Kawasaki Frontale', ' Korea Republic'}"
428,M. Zeghba,https://cdn.sofifa.com/players/251/511/22_60.png,"{' Dhamk', ' Al Wahda'}"
429,T. King,https://cdn.sofifa.com/players/225/650/22_60.png,"{' Millwall', ' AFC Wimbledon', ' Stevenage', ' Salford City', ' Wales', ' Newport County'}"
432,W. Jääskeläinen,https://cdn.sofifa.com/players/230/000/22_60.png,"{' Bolton Wanderers', ' AFC Wimbledon', ' Crewe Alexandra'}"
433,N. Mäenpää,https://cdn.sofifa.com/players/135/587/22_60.png,"{' Brighton & Hove Albion', ' Venezia', ' Bristol City', ' AZ', ' Finland', ' Willem II', ' VVV-Venlo'}"
431,Z. Alomerović,https://cdn.sofifa.com/players/208/764/22_60.png,"{' Kaiserslautern', ' Lechia Gdańsk', ' Korona Kielce', ' Borussia Dortmund', ' Jagiellonia Białystok'}"
435,J. Marcinkowski,https://cdn.sofifa.com/players/242/703/22_60.png,{' SJ Earthquakes'}
438,T. Miller,https://cdn.sofifa.com/players/231/878/22_60.png,"{' Minnesota United', ' Seattle Sounders', ' Los Angeles FC'}"
437,J. Coleman,https://cdn.sofifa.com/players/219/795/22_60.png,"{' Shrewsbury Town', ' Ipswich Town', ' Huddersfield Town', ' Oldham Athletic', ' Rochdale', ' Fleetwood Town'}"
434,M. Vandevoordt,https://cdn.sofifa.com/players/242/879/22_60.png,{' Genk'}
430,M. Langerak,https://cdn.sofifa.com/players/182/435/22_60.png,"{' Australia', ' Borussia Dortmund', ' Nagoya Grampus', ' Melbourne Victory', ' VfB Stuttgart', ' Levante'}"
436,Park Il Gyu,https://cdn.sofifa.com/players/246/806/22_60.png,"{' Sagan Tosu', ' Yokohama F. Marinos'}"
439,R. Lainton,https://cdn.sofifa.com/players/184/282/22_60.png,"{' Port Vale', ' Burton Albion', ' Bury', ' Bolton Wanderers', ' Wrexham'}"
441,21 C. Doyle,https://cdn.sofifa.com/players/162/901/21_60.png,"{' Blackpool', ' Republic of Ireland', ' Birmingham City', ' Bradford City', ' Hearts', ' Kilmarnock'}"
442,Miguel Silva,https://cdn.sofifa.com/players/231/545/22_60.png,"{' Vitória SC', ' Marítimo'}"
440,S. Flinders,https://cdn.sofifa.com/players/152/523/22_60.png,"{' York City', ' Hartlepool United', ' Cheltenham Town', ' Crystal Palace', ' Mansfield Town', ' Falkirk'}"
445,A. Østbø,https://cdn.sofifa.com/players/186/508/22_60.png,"{' Sarpsborg 08', ' Rosenborg', ' Viking'}"
444,J. Graterol,https://cdn.sofifa.com/players/250/842/22_60.png,"{' América de Cali', ' Venezuela'}"
447,M. Di Gregorio,https://cdn.sofifa.com/players/235/840/22_60.png,"{' Avellino', ' Monza', ' Pordenone', ' Inter'}"
448,S. Şahin-Radlinger,https://cdn.sofifa.com/players/193/272/22_60.png,"{' Brann', ' Nürnberg', ' Hannover 96', ' Rapid Vienna', ' Ried', ' Barnsley'}"
443,M. Higashiguchi,https://cdn.sofifa.com/players/232/441/22_60.png,{' Gamba Osaka'}
454,G. Mamardashvili,https://cdn.sofifa.com/players/262/621/22_60.png,{' Valencia'}
455,N. Thiede,https://cdn.sofifa.com/players/251/285/22_60.png,"{' SC Freiburg', ' Verl'}"
451,D. Cornell,https://cdn.sofifa.com/players/190/179/22_60.png,"{' Peterborough United', ' Northampton Town', ' Swansea City', ' Ipswich Town', ' Preston North End', ' Oldham Athletic', ' Portsmouth', ' Hereford United', ' St. Mirren'}"
456,Carlos Miguel,https://cdn.sofifa.com/players/242/084/22_60.png,"{' Salzburg', ' Philadelphia Union', ' New York RB'}"
453,B. Leroy,https://cdn.sofifa.com/players/197/641/22_60.png,"{' Evian TG', ' Ajaccio', ' Tours', ' Dijon'}"
450,N. Baumann,https://cdn.sofifa.com/players/242/969/22_60.png,"{' Lugano', ' Ascoli'}"
457,L. McGee,https://cdn.sofifa.com/players/225/361/22_60.png,"{' Peterborough United', ' Forest Green Rovers', ' Tottenham Hotspur', ' Portsmouth', ' Bradford City'}"
460,J. Andrésson,https://cdn.sofifa.com/players/244/867/22_60.png,"{' Exeter City', ' Reading', ' Morecambe'}"
459,S. Rojas,https://cdn.sofifa.com/players/246/398/22_60.png,"{' Paraguay', ' Nacional Asunción'}"
449,S. Brodersen,https://cdn.sofifa.com/players/222/829/22_60.png,"{' Yokohama', ' St. Pauli'}"
452,A. Maksimenko,https://cdn.sofifa.com/players/233/791/22_60.png,{' Spartak Moskva'}
461,D. Reimann,https://cdn.sofifa.com/players/228/607/22_60.png,"{' Holstein Kiel', ' Borussia Dortmund', ' Magdeburg'}"
458,08 M. Ballotta,https://cdn.sofifa.com/players/004/703/08_60.png,{' Lazio'}
466,A. Bodart,https://cdn.sofifa.com/players/237/525/22_60.png,{' Standard Liège'}
464,J. Wollacott,https://cdn.sofifa.com/players/230/653/22_60.png,"{' Charlton Athletic', ' Ghana', ' Forest Green Rovers', ' Bristol City', ' Swindon Town'}"
467,C. Rushworth,https://cdn.sofifa.com/players/263/339/22_60.png,"{' Walsall', ' Lincoln City'}"
446,17 M. Sifakis,https://cdn.sofifa.com/players/150/249/17_60.png,"{' Kortrijk', ' Greece', ' Sporting Charleroi'}"
465,V. Kovacević,https://cdn.sofifa.com/players/263/032/22_60.png,{' Raków Częstochowa'}
463,B. Allain,https://cdn.sofifa.com/players/228/912/22_60.png,"{' Olympiakos Piraeus', ' Dijon', ' Örebro', ' Red Star'}"
468,M. Ingram,https://cdn.sofifa.com/players/204/502/22_60.png,"{' Northampton Town', ' Wycombe Wanderers', ' Hull City', ' Queens Park Rangers'}"
470,P. Rajković,https://cdn.sofifa.com/players/241/727/22_60.png,"{' Mallorca', ' Reims'}"
462,L. Johansson,https://cdn.sofifa.com/players/211/053/22_60.png,"{' Kalmar', ' Vejle'}"
469,A. Desmas,https://cdn.sofifa.com/players/229/542/22_60.png,"{' Le Havre', ' Clermont', ' Rodez', ' Niort'}"
472,I. Eğribayat,https://cdn.sofifa.com/players/234/341/22_60.png,"{' Fenerbahçe', ' Göztepe', ' Adanaspor'}"
474,P. Ortíz,https://cdn.sofifa.com/players/250/797/22_60.png,{' Emelec'}
476,M. Ilic,https://cdn.sofifa.com/players/258/718/22_60.png,{' Kortrijk'}
475,C. Cáceda,https://cdn.sofifa.com/players/234/054/22_60.png,"{' Veracruz', ' Peru', ' Melgar'}"
478,A. Bayındır,https://cdn.sofifa.com/players/243/647/22_60.png,"{' Ankaragücü', ' Fenerbahçe', ' Turkey'}"
479,21 G. Athanasiadis,https://cdn.sofifa.com/players/252/022/21_60.png,"{' Greece', ' AEK Athens'}"
471,N. Trott,https://cdn.sofifa.com/players/238/060/22_60.png,"{' AFC Wimbledon', ' West Ham United', ' Nancy'}"
480,M. Paes,https://cdn.sofifa.com/players/236/571/22_60.png,"{' FC Utrecht', ' NEC', ' Dallas'}"
473,B. Murphy,https://cdn.sofifa.com/players/140/420/22_60.png,"{' Bohemians', ' Ipswich Town', ' Queens Park Rangers', ' Portsmouth', ' Republic of Ireland', ' Waterford United', ' Cardiff City'}"
481,N. Tzanev,https://cdn.sofifa.com/players/230/971/22_60.png,"{' New Zealand', ' Brentford', ' AFC Wimbledon'}"
477,Y. Oki,https://cdn.sofifa.com/players/242/774/22_60.png,{' Kashima Antlers'}
483,I. Grbić,https://cdn.sofifa.com/players/258/390/22_60.png,"{' Atlético Madrid', ' Lille', ' Croatia'}"
482,A. Paleari,https://cdn.sofifa.com/players/235/740/22_60.png,"{' Cittadella', ' Benevento', ' Genoa'}"
484,G. Bushchan,https://cdn.sofifa.com/players/244/385/22_60.png,"{' Ukraine', ' Dynamo Kyiv'}"
485,S. Lukić,https://cdn.sofifa.com/players/213/483/22_60.png,"{' Varberg BoIS', ' Halmstad'}"
488,21 L. Raeder,https://cdn.sofifa.com/players/210/019/21_60.png,"{' VfB Lübeck', ' FC Bayern München', ' Vitória FC', ' Bradford City', ' MSV Duisburg'}"
489,A. Fisher,https://cdn.sofifa.com/players/234/260/22_60.png,"{' Northampton Town', ' Swansea City', ' Blackburn Rovers', ' Milton Keynes Dons'}"
491,N. Lemaître,https://cdn.sofifa.com/players/228/255/22_60.png,"{' Reims', ' Quevilly Rouen'}"
495,Daniel Figueira,https://cdn.sofifa.com/players/262/417/22_60.png,{' Estoril'}
493,J. Dixon,https://cdn.sofifa.com/players/216/264/22_60.png,"{' Barrow', ' Sunderland', ' Bolton Wanderers', ' Hartlepool United'}"
486,R. Bentancur,https://cdn.sofifa.com/players/253/846/22_60.png,{' Cerro Largo'}
494,M. Prévot,https://cdn.sofifa.com/players/231/841/22_60.png,{' Sochaux'}
496,J. Griffiths,https://cdn.sofifa.com/players/252/773/22_60.png,"{' Portsmouth', ' West Bromwich Albion', ' Cheltenham Town', ' Lincoln City'}"
497,Z. Frelih,https://cdn.sofifa.com/players/261/499/22_60.png,"{' Chaves', ' Slovenia', ' Gil Vicente'}"
487,A. Keita,https://cdn.sofifa.com/players/231/489/22_60.png,{' Östersunds FK'}
498,G. Vicario,https://cdn.sofifa.com/players/240/091/22_60.png,"{' Cagliari', ' Empoli', ' Venezia', ' Perugia'}"
490,K. Tani,https://cdn.sofifa.com/players/238/526/22_60.png,"{' Gamba Osaka', ' Shonan Bellmare'}"
499,A. Cairns,https://cdn.sofifa.com/players/203/215/22_60.png,"{' Chesterfield', ' Rotherham United', ' Leeds United', ' Fleetwood Town'}"
502,E. Green,https://cdn.sofifa.com/players/259/166/22_60.png,{' Saint-Étienne'}
501,W. Ramírez,https://cdn.sofifa.com/players/256/161/22_60.png,{' Independiente del Valle'}
503,P. Köhn,https://cdn.sofifa.com/players/239/364/22_60.png,"{' Salzburg', ' RB Leipzig'}"
505,F. Kastenmeier,https://cdn.sofifa.com/players/251/292/22_60.png,{' Fortuna Düsseldorf'}
506,L. Grill,https://cdn.sofifa.com/players/236/613/22_60.png,"{' Bayer 04 Leverkusen', ' FC Union Berlin', ' Brann', ' Kaiserslautern'}"
509,Song Bum Keun,https://cdn.sofifa.com/players/238/570/22_60.png,{' Jeonbuk Motors'}
508,P. Dahlberg,https://cdn.sofifa.com/players/233/763/22_60.png,"{' Häcken', ' Doncaster Rovers', ' Watford', ' Gillingham', ' IFK Göteborg', ' FC Emmen'}"
500,M. Nicolas,https://cdn.sofifa.com/players/235/018/22_60.png,"{' Osnabrück', ' Borussia Mönchengladbach', ' Viktoria Köln', ' FC Union Berlin'}"
510,M. Aioani,https://cdn.sofifa.com/players/251/036/22_60.png,"{' SSC Farul', ' Chindia Târgovişte', ' Romania'}"
511,A. Whiteman,https://cdn.sofifa.com/players/236/239/22_60.png,"{' Tottenham Hotspur', ' Degerfors'}"
507,S. Roy,https://cdn.sofifa.com/players/193/912/22_60.png,"{' East Bengal', ' India', ' NorthEast United'}"
504,H. Iikura,https://cdn.sofifa.com/players/232/790/22_60.png,"{' Yokohama F. Marinos', ' Vissel Kobe'}"
513,C. Eriksson,https://cdn.sofifa.com/players/254/513/22_60.png,"{' Dundee United', ' Mjällby', ' Finland'}"
512,F. Majchrowicz,https://cdn.sofifa.com/players/244/551/22_60.png,"{' Cracovia Kraków', ' Radomiak Radom'}"
514,D. Dibusz,https://cdn.sofifa.com/players/221/610/22_60.png,"{' Hungary', ' Ferencváros'}"
517,G. Bazunu,https://cdn.sofifa.com/players/243/585/22_60.png,"{' Southampton', ' Portsmouth', ' Republic of Ireland', ' Rochdale', ' Manchester City'}"
516,A. Meyer,https://cdn.sofifa.com/players/241/050/22_60.png,"{' Jahn Regensburg', ' Borussia Dortmund', ' VfB Stuttgart'}"
519,M. Hiller,https://cdn.sofifa.com/players/243/778/22_60.png,{' 1860 München'}
522,M. Eșanu,https://cdn.sofifa.com/players/258/420/22_60.png,"{' Chindia Târgovişte', ' Dinamo Bucureşti'}"
521,L. Chevalier,https://cdn.sofifa.com/players/251/752/22_60.png,"{' Valenciennes', ' Lille'}"
518,J. Fejzić,https://cdn.sofifa.com/players/169/404/22_60.png,"{' Aalen', ' Eintracht Braunschweig', ' Magdeburg', ' SpVgg Greuther Fürth'}"
523,J. Cumming,https://cdn.sofifa.com/players/238/070/22_60.png,"{' Stevenage', ' Chelsea', ' Gillingham', ' Milton Keynes Dons'}"
528,M. Cooper,https://cdn.sofifa.com/players/240/987/22_60.png,{' Plymouth Argyle'}
525,T. Glover,https://cdn.sofifa.com/players/232/110/22_60.png,"{' Tottenham Hotspur', ' Central Coast Mariners', ' Melbourne City'}"
526,H. Bonmann,https://cdn.sofifa.com/players/216/518/22_60.png,"{' Würzburger Kickers', ' Wolfsberger AC', ' Borussia Dortmund', ' 1860 München'}"
524,Mateus Pasinato,https://cdn.sofifa.com/players/251/503/22_60.png,{' Moreirense'}
492,21 B. Büchel,https://cdn.sofifa.com/players/193/665/21_60.png,"{' Barnet', ' Oxford United', ' AFC Bournemouth', ' Vaduz'}"
527,D. Schmidt,https://cdn.sofifa.com/players/237/580/22_60.png,"{' Sint-Truiden', ' Vegalta Sendai'}"
520,D. Akpeyi,https://cdn.sofifa.com/players/241/769/22_60.png,{' Kaizer Chiefs'}
529,O. Kocuk,https://cdn.sofifa.com/players/223/175/22_60.png,"{' Galatasaray', ' Turkey', ' Bursaspor', ' Giresunspor'}"
531,M. Šarkić,https://cdn.sofifa.com/players/231/028/22_60.png,"{' Aston Villa', ' Shrewsbury Town', ' Wigan Athletic', ' Wolverhampton Wanderers', ' Livingston', ' Birmingham City'}"
515,Y. Takaoka,https://cdn.sofifa.com/players/244/656/22_60.png,"{' Sagan Tosu', ' Yokohama F. Marinos'}"
532,Joan Femenías,https://cdn.sofifa.com/players/251/944/22_60.png,"{' Fuenlabrada', ' Real Oviedo', ' Levante'}"
530,21 J. Moreno,https://cdn.sofifa.com/players/239/961/21_60.png,{' Millonarios'}
533,M. Lukov,https://cdn.sofifa.com/players/253/090/22_60.png,"{' Bulgaria', ' Al Tai'}"
534,Lucas Covolan,https://cdn.sofifa.com/players/262/812/22_60.png,{' Port Vale'}
536,M. Nawaz,https://cdn.sofifa.com/players/248/292/22_60.png,{' Mumbai City'}
535,Y. Fofana,https://cdn.sofifa.com/players/242/179/22_60.png,"{' Le Havre', ' Angers SCO'}"
538,T. Romero,https://cdn.sofifa.com/players/260/918/22_60.png,{' Los Angeles FC'}
542,D. Ochoa,https://cdn.sofifa.com/players/247/428/22_60.png,"{' Real Salt Lake', ' DC United'}"
540,J. Pantemis,https://cdn.sofifa.com/players/238/919/22_60.png,"{' Canada', ' Montreal Impact'}"
541,E. Dos Santos Haesler,https://cdn.sofifa.com/players/258/085/22_60.png,"{' Nordsjælland', ' Werder Bremen'}"
539,N. Bishop,https://cdn.sofifa.com/players/237/188/22_60.png,"{' Manchester United', ' Southend United', ' Mansfield Town'}"
543,E. Destanoğlu,https://cdn.sofifa.com/players/245/370/22_60.png,{' Beşiktaş'}
544,M. Christiansen,https://cdn.sofifa.com/players/240/489/22_60.png,{' Lillestrøm'}
545,J. Anang,https://cdn.sofifa.com/players/244/191/22_60.png,"{' Derby County', ' Stevenage', ' West Ham United', "" St Patrick's""}"
537,L. Malagón,https://cdn.sofifa.com/players/232/654/22_60.png,"{' Morelia', ' Necaxa'}"
549,T. Schreiber,https://cdn.sofifa.com/players/252/911/22_60.png,"{' Holstein Kiel', ' RB Leipzig', ' Hallescher FC'}"
546,Altube,https://cdn.sofifa.com/players/247/411/22_60.png,"{' Real Madrid', ' Fuenlabrada', ' Albacete'}"
547,F. Buntić,https://cdn.sofifa.com/players/234/877/22_60.png,"{' Ingolstadt', ' Vizela'}"
550,K. Broll,https://cdn.sofifa.com/players/238/674/22_60.png,"{' Sonnenhof Großaspach', ' Dynamo Dresden', ' Górnik Zabrze'}"
554,M. Trmal,https://cdn.sofifa.com/players/257/827/22_60.png,"{' Vitória SC', ' Marítimo'}"
551,M. Lis,https://cdn.sofifa.com/players/232/007/22_60.png,"{' Southampton', ' Lech Poznań', ' Altay', ' Wisła Kraków', ' Troyes'}"
548,G. Hatano,https://cdn.sofifa.com/players/241/217/22_60.png,{' Tokyo'}
555,R. Hoffmann,https://cdn.sofifa.com/players/241/859/22_60.png,"{' Sunderland', ' Eintracht Braunschweig', ' FC Bayern München', ' Bayern München II'}"
556,Luiz Júnior,https://cdn.sofifa.com/players/258/885/22_60.png,{' Famalicão'}
553,B. Niasse,https://cdn.sofifa.com/players/234/049/22_60.png,"{' AS Eupen', ' Tondela'}"
557,P. Menzel,https://cdn.sofifa.com/players/235/141/22_60.png,"{' Austria Klagenfurt', ' VfL Wolfsburg'}"
552,Ayesa,https://cdn.sofifa.com/players/259/360/22_60.png,"{' Real Sociedad', ' Real Sociedad II'}"
558,V. Johansson,https://cdn.sofifa.com/players/241/643/22_60.png,"{' Leicester City', ' Rotherham United'}"
562,T. Casali,https://cdn.sofifa.com/players/222/024/22_60.png,"{' Mattersburg', ' Austria Wien', ' Rheindorf Altach'}"
561,Q. Braat,https://cdn.sofifa.com/players/231/720/22_60.png,"{' Nantes', ' Niort', ' Real Oviedo'}"
564,L. Weinkauf,https://cdn.sofifa.com/players/238/503/22_60.png,"{' Hannover 96', ' MSV Duisburg', ' FC Bayern München'}"
559,21 P. Gavilán,https://cdn.sofifa.com/players/254/712/21_60.png,{' River Plate'}
560,D. Singh Moirangthem,https://cdn.sofifa.com/players/247/626/22_60.png,{' Goa'}
565,G. Dietsch,https://cdn.sofifa.com/players/246/740/22_60.png,"{' RFC Seraing', ' Metz'}"
569,J. Trafford,https://cdn.sofifa.com/players/263/063/22_60.png,"{' Bolton Wanderers', ' Accrington Stanley'}"
563,F. Stritzel,https://cdn.sofifa.com/players/208/776/22_60.png,"{' Hamburger SV', ' Karlsruher SC', ' Darmstadt 98', ' Wehen Wiesbaden'}"
568,V. Kaith,https://cdn.sofifa.com/players/245/164/22_60.png,"{' Chennaiyin', ' ATK Mohun Bagan', ' India'}"
567,C. Miszta,https://cdn.sofifa.com/players/247/866/22_60.png,{' Legia Warszawa'}
571,J. Zetterström,https://cdn.sofifa.com/players/247/022/22_60.png,{' Djurgården'}
572,Choi Young Eun,https://cdn.sofifa.com/players/245/074/22_60.png,{' Daegu'}
570,N. Sauter,https://cdn.sofifa.com/players/263/023/22_60.png,{' Freiburg II'}
566,A. Nurudeen,https://cdn.sofifa.com/players/239/076/22_60.png,"{' AS Eupen', ' Ghana'}"
